farm_news_id,farm_news_title,farm_news_url,farm_id,farm_name,fanpage_id,fanpage_name
2277309,49歲沈玉琳驚傳「時間剩不多」，醫生坦承「其實他得癌」讓他含淚把妻女託給好友陳為民照顧,http://mission-tw.com/mission/article/fun/794,1,密訊,12517,人生正能量
2277309,49歲沈玉琳驚傳「時間剩不多」，醫生坦承「其實他得癌」讓他含淚把妻女託給好友陳為民照顧,http://mission-tw.com/mission/article/fun/794,1,密訊,4081,芒果新聞台
2277309,49歲沈玉琳驚傳「時間剩不多」，醫生坦承「其實他得癌」讓他含淚把妻女託給好友陳為民照顧,http://mission-tw.com/mission/article/fun/794,1,密訊,12665,旅行‧電影‧愛音樂
2277309,49歲沈玉琳驚傳「時間剩不多」，醫生坦承「其實他得癌」讓他含淚把妻女託給好友陳為民照顧,http://mission-tw.com/mission/article/fun/794,1,密訊,11319,人生笑著走
2277309,49歲沈玉琳驚傳「時間剩不多」，醫生坦承「其實他得癌」讓他含淚把妻女託給好友陳為民照顧,http://mission-tw.com/mission/article/fun/794,1,密訊,4999,走，一起去看世界！
2277309,49歲沈玉琳驚傳「時間剩不多」，醫生坦承「其實他得癌」讓他含淚把妻女託給好友陳為民照顧,http://mission-tw.com/mission/article/fun/794,1,密訊,4654,讚能量生活報
2277310,去泰國千萬不能帶此物，台灣太常見、泰國被禁，要帶誰都救不了你,http://mission-tw.com/mission/article/life/1164,1,密訊,11319,人生笑著走
2277310,去泰國千萬不能帶此物，台灣太常見、泰國被禁，要帶誰都救不了你,http://mission-tw.com/mission/article/life/1164,1,密訊,12517,人生正能量
2277310,去泰國千萬不能帶此物，台灣太常見、泰國被禁，要帶誰都救不了你,http://mission-tw.com/mission/article/life/1164,1,密訊,4081,芒果新聞台
2277310,去泰國千萬不能帶此物，台灣太常見、泰國被禁，要帶誰都救不了你,http://mission-tw.com/mission/article/life/1164,1,密訊,4654,讚能量生活報
2277310,去泰國千萬不能帶此物，台灣太常見、泰國被禁，要帶誰都救不了你,http://mission-tw.com/mission/article/life/1164,1,密訊,12665,旅行‧電影‧愛音樂
2277310,去泰國千萬不能帶此物，台灣太常見、泰國被禁，要帶誰都救不了你,http://mission-tw.com/mission/article/life/1164,1,密訊,4999,走，一起去看世界！
2265416,剛剛，美國最新傳來! 中國贏了！,http://www.i77.today/show/187308,5,琦琦看新聞,4392,天南地北
2259803,曾要反年改去死 她再批韓粉反遭嗆,http://mission-tw.com/mission/article/news/21167,1,密訊,176,反蔡英文聯盟－全國民怨嗆蔡總部
2259803,曾要反年改去死 她再批韓粉反遭嗆,http://mission-tw.com/mission/article/news/21167,1,密訊,196,青天白日正義力量
2271325,全台最噁地在高雄這裡&#8230;他求韓處理 網驚：前朝在幹嘛,https://www.taiwan-politicalnews.com/%e5%85%a8%e5%8f%b0%e6%9c%80%e5%99%81%e5%9c%b0%e5%9c%a8%e9%ab%98%e9%9b%84%e9%80%99%e8%a3%a1-%e4%bb%96%e6%b1%82%e9%9f%93%e8%99%95%e7%90%86-%e7%b6%b2%e9%a9%9a%ef%bc%9a%e5%89%8d%e6%9c%9d%e5%9c%a8/,7,鬼島狂新聞,141,守護台灣聯盟
2271325,全台最噁地在高雄這裡&#8230;他求韓處理 網驚：前朝在幹嘛,https://www.taiwan-politicalnews.com/%e5%85%a8%e5%8f%b0%e6%9c%80%e5%99%81%e5%9c%b0%e5%9c%a8%e9%ab%98%e9%9b%84%e9%80%99%e8%a3%a1-%e4%bb%96%e6%b1%82%e9%9f%93%e8%99%95%e7%90%86-%e7%b6%b2%e9%a9%9a%ef%bc%9a%e5%89%8d%e6%9c%9d%e5%9c%a8/,7,鬼島狂新聞,9368,鬼島狂新聞
2271325,全台最噁地在高雄這裡&#8230;他求韓處理 網驚：前朝在幹嘛,https://www.taiwan-politicalnews.com/%e5%85%a8%e5%8f%b0%e6%9c%80%e5%99%81%e5%9c%b0%e5%9c%a8%e9%ab%98%e9%9b%84%e9%80%99%e8%a3%a1-%e4%bb%96%e6%b1%82%e9%9f%93%e8%99%95%e7%90%86-%e7%b6%b2%e9%a9%9a%ef%bc%9a%e5%89%8d%e6%9c%9d%e5%9c%a8/,7,鬼島狂新聞,141,守護台灣聯盟
2271325,全台最噁地在高雄這裡&#8230;他求韓處理 網驚：前朝在幹嘛,https://www.taiwan-politicalnews.com/%e5%85%a8%e5%8f%b0%e6%9c%80%e5%99%81%e5%9c%b0%e5%9c%a8%e9%ab%98%e9%9b%84%e9%80%99%e8%a3%a1-%e4%bb%96%e6%b1%82%e9%9f%93%e8%99%95%e7%90%86-%e7%b6%b2%e9%a9%9a%ef%bc%9a%e5%89%8d%e6%9c%9d%e5%9c%a8/,7,鬼島狂新聞,9426,鬼島亂爆
2283490,千億工程無國接手，美日表無能為力，我國用240根支架解決,http://www.qiqi.world/show/199125,6,琦琦看新聞,10900,琦琦看新聞
2278216,失言被轟！管碧玲：沒得登革熱高雄血統不純,http://mission-tw.com/mission/article/news/21450,1,密訊,13763,文青工作會
2278216,失言被轟！管碧玲：沒得登革熱高雄血統不純,http://mission-tw.com/mission/article/news/21450,1,密訊,1487,靠北民進黨
2278216,失言被轟！管碧玲：沒得登革熱高雄血統不純,http://mission-tw.com/mission/article/news/21450,1,密訊,6275,罷免民進黨
2278216,失言被轟！管碧玲：沒得登革熱高雄血統不純,http://mission-tw.com/mission/article/news/21450,1,密訊,9777,靠北時事
2278216,失言被轟！管碧玲：沒得登革熱高雄血統不純,http://mission-tw.com/mission/article/news/21450,1,密訊,10847,討厭民進黨
2278216,失言被轟！管碧玲：沒得登革熱高雄血統不純,http://mission-tw.com/mission/article/news/21450,1,密訊,9778,靠北民進黨
2273737,華為官宣啟用鴻蒙作業系統，20餘款旗艦機可以直接切換新系統,http://www.qiqi.world/show/198688,6,琦琦看新聞,12703,全球華人歷史文化聯盟
2278028,韓國瑜喊重要資產務必留黨 王金平：我何時說要離開黨？,http://mission-tw.com/mission/article/news/21435,1,密訊,9570,反綠救國人人有責
2280096,要國民黨組抓鬼大隊 郭台銘：揪出非理性網軍 依法究辦 | HSSSZN 讚新聞,https://hssszn.com/archives/63927,4,讚新聞,8493,Hssszn 讚新聞
2262865,財神爺點名，鼠虎蛇雞狗豬注意了！,http://www.fafa01.com/post960572,2,看頭條,13564,一帆風順
2281523,唯一擁有9個王室的國家四分之一的華人占據了十大首富中的八席,http://www.defense.rocks/show/187803,10,琦琦看新聞,10899,世界華人歷史會社
2267461,中美正式攤牌，大局已定，武統台灣提前！,http://www.qiqi.world/show/198674,6,琦琦看新聞,10900,琦琦看新聞
2270238,他改編神曲諷韓國瑜選總統 惹哭網友 不到一天破83萬次觀看 | HSSSZN 讚新聞,https://hssszn.com/archives/63829,4,讚新聞,8493,Hssszn 讚新聞
2260576,肝不好，睡覺時，會有這4種跡象，你若佔1個，說明你「肝功能」已經很差了！,http://mission-tw.com/mission/article/life/1062,1,密訊,12517,人生正能量
2260576,肝不好，睡覺時，會有這4種跡象，你若佔1個，說明你「肝功能」已經很差了！,http://mission-tw.com/mission/article/life/1062,1,密訊,4654,讚能量生活報
2269838,因質詢韓國瑜「太兇了」  綠7議員接獲香港死亡恐嚇信表示: 不屈服！,http://mission-tw.com/mission/article/news/21359,1,密訊,9778,靠北民進黨
2269838,因質詢韓國瑜「太兇了」  綠7議員接獲香港死亡恐嚇信表示: 不屈服！,http://mission-tw.com/mission/article/news/21359,1,密訊,196,青天白日正義力量
2269838,因質詢韓國瑜「太兇了」  綠7議員接獲香港死亡恐嚇信表示: 不屈服！,http://mission-tw.com/mission/article/news/21359,1,密訊,10847,討厭民進黨
2269838,因質詢韓國瑜「太兇了」  綠7議員接獲香港死亡恐嚇信表示: 不屈服！,http://mission-tw.com/mission/article/news/21359,1,密訊,9777,靠北時事
2269838,因質詢韓國瑜「太兇了」  綠7議員接獲香港死亡恐嚇信表示: 不屈服！,http://mission-tw.com/mission/article/news/21359,1,密訊,6275,罷免民進黨
2269838,因質詢韓國瑜「太兇了」  綠7議員接獲香港死亡恐嚇信表示: 不屈服！,http://mission-tw.com/mission/article/news/21359,1,密訊,13027,話說，那些編造的事
2269838,因質詢韓國瑜「太兇了」  綠7議員接獲香港死亡恐嚇信表示: 不屈服！,http://mission-tw.com/mission/article/news/21359,1,密訊,13763,文青工作會
2269838,因質詢韓國瑜「太兇了」  綠7議員接獲香港死亡恐嚇信表示: 不屈服！,http://mission-tw.com/mission/article/news/21359,1,密訊,4119,藍色正義力量
2269838,因質詢韓國瑜「太兇了」  綠7議員接獲香港死亡恐嚇信表示: 不屈服！,http://mission-tw.com/mission/article/news/21359,1,密訊,1487,靠北民進黨
2281478,李佳芬笑稱 不要把韓國瑜講得這麼無能,http://mission-tw.com/mission/article/news/21462,1,密訊,9406,大中華大平台
2281478,李佳芬笑稱 不要把韓國瑜講得這麼無能,http://mission-tw.com/mission/article/news/21462,1,密訊,9570,反綠救國人人有責
2257948,身體不可缺鎂，抽筋、易怒、心臟病多吃這3類食物，補充鎂元素，身體更健康,http://mission-tw.com/mission/article/life/1050,1,密訊,11319,人生笑著走
2257948,身體不可缺鎂，抽筋、易怒、心臟病多吃這3類食物，補充鎂元素，身體更健康,http://mission-tw.com/mission/article/life/1050,1,密訊,4999,走，一起去看世界！
2273142,手機的飛行模式，原來這麼厲害，天天都用得上，學會受用一生！,http://mission-tw.com/mission/article/life/1158,1,密訊,4654,讚能量生活報
2273142,手機的飛行模式，原來這麼厲害，天天都用得上，學會受用一生！,http://mission-tw.com/mission/article/life/1158,1,密訊,4999,走，一起去看世界！
2273142,手機的飛行模式，原來這麼厲害，天天都用得上，學會受用一生！,http://mission-tw.com/mission/article/life/1158,1,密訊,4081,芒果新聞台
2273142,手機的飛行模式，原來這麼厲害，天天都用得上，學會受用一生！,http://mission-tw.com/mission/article/life/1158,1,密訊,12665,旅行‧電影‧愛音樂
2273142,手機的飛行模式，原來這麼厲害，天天都用得上，學會受用一生！,http://mission-tw.com/mission/article/life/1158,1,密訊,11319,人生笑著走
2266640,網友帶著家貓出門買菜，還非說是貓要跟著，可看它的表情不像啊~,http://www.fafa01.com/post960594,2,看頭條,1280,貓貓最可愛我超愛！
2266640,網友帶著家貓出門買菜，還非說是貓要跟著，可看它的表情不像啊~,http://www.fafa01.com/post960594,2,看頭條,4375,萌寵小天使
2270063,你家裡有屬羊的人嗎？端午節不得了了！恭喜，恭喜,http://www.fafa01.com/post960856,2,看頭條,13026,按贊福氣到
2273156,韓國瑜凱道“決戰2020贏回台灣”誓師大會：準備承擔任何重大責任，為中華民國不惜粉身碎骨！！痛批蔡英文的“謙卑謙卑再謙卑”應改成“權力權力愛權力”！,http://mission-tw.com/mission/article/news/21323,1,密訊,176,反蔡英文聯盟－全國民怨嗆蔡總部
2273156,韓國瑜凱道“決戰2020贏回台灣”誓師大會：準備承擔任何重大責任，為中華民國不惜粉身碎骨！！痛批蔡英文的“謙卑謙卑再謙卑”應改成“權力權力愛權力”！,http://mission-tw.com/mission/article/news/21323,1,密訊,196,青天白日正義力量
2282142,韓粉拚了!爆團繞半個台灣衝後山 就是要挺韓 !!,http://mission-tw.com/mission/article/news/21444,1,密訊,9406,大中華大平台
2267105,主治醫師:簽書病情能改善！ 陳水扁再「加場」6/6高雄簽書會,http://mission-tw.com/mission/article/news/21320,1,密訊,10847,討厭民進黨
2267105,主治醫師:簽書病情能改善！ 陳水扁再「加場」6/6高雄簽書會,http://mission-tw.com/mission/article/news/21320,1,密訊,6275,罷免民進黨
2267105,主治醫師:簽書病情能改善！ 陳水扁再「加場」6/6高雄簽書會,http://mission-tw.com/mission/article/news/21320,1,密訊,176,反蔡英文聯盟－全國民怨嗆蔡總部
2267105,主治醫師:簽書病情能改善！ 陳水扁再「加場」6/6高雄簽書會,http://mission-tw.com/mission/article/news/21320,1,密訊,1487,靠北民進黨
2267105,主治醫師:簽書病情能改善！ 陳水扁再「加場」6/6高雄簽書會,http://mission-tw.com/mission/article/news/21320,1,密訊,196,青天白日正義力量
2267105,主治醫師:簽書病情能改善！ 陳水扁再「加場」6/6高雄簽書會,http://mission-tw.com/mission/article/news/21320,1,密訊,9777,靠北時事
2267105,主治醫師:簽書病情能改善！ 陳水扁再「加場」6/6高雄簽書會,http://mission-tw.com/mission/article/news/21320,1,密訊,13763,文青工作會
2267105,主治醫師:簽書病情能改善！ 陳水扁再「加場」6/6高雄簽書會,http://mission-tw.com/mission/article/news/21320,1,密訊,9778,靠北民進黨
2281755,退初選是不爽韓國瑜？　黃光芹：王金平心中「有3恨」,http://mission-tw.com/mission/article/news/21448,1,密訊,13014,幹譙民進黨
2283680,桃園恐成下個高雄？ 議員爆：鄭文燦任內1000億不知去向,http://mission-tw.com/mission/article/news/20218,1,密訊,13763,文青工作會
2277099,五月初五端午節，祝福您：安康如意病不找，吉祥幸福永遠在你身邊環繞,http://www.fafa01.com/post950931,2,看頭條,13026,按贊福氣到
2266129,韓國的故宮全是中文  韓國人進去需要導遊翻譯  中國人進去像回家,http://www.defense.rocks/show/187353,10,琦琦看新聞,10899,世界華人歷史會社
2283523,桃園機場竟然有「六個免費隱藏版高級服務」！外國人全都羨慕了啊！,http://mission-tw.com/mission/article/life/1188,1,密訊,4999,走，一起去看世界！
2267716,國防部求償慶富案卡關！ 陳慶男「身體狀況差」無法對案情詳細表述 | HSSSZN 讚新聞,https://hssszn.com/archives/63799,4,讚新聞,8493,Hssszn 讚新聞
804084,網友說鄰居家的貓想逛街但又不敢出去，於是每天就這樣趴在窗外看著過往人群,http://www.fafa01.com/post814776,2,看頭條,4375,萌寵小天使
804084,網友說鄰居家的貓想逛街但又不敢出去，於是每天就這樣趴在窗外看著過往人群,http://www.fafa01.com/post814776,2,看頭條,1280,貓貓最可愛我超愛！
2265926,準備和台灣斷交？索羅門外交部長：100天之內就會決定,http://mission-tw.com/mission/article/news/21306,1,密訊,9777,靠北時事
2265926,準備和台灣斷交？索羅門外交部長：100天之內就會決定,http://mission-tw.com/mission/article/news/21306,1,密訊,13763,文青工作會
2265926,準備和台灣斷交？索羅門外交部長：100天之內就會決定,http://mission-tw.com/mission/article/news/21306,1,密訊,9778,靠北民進黨
2265926,準備和台灣斷交？索羅門外交部長：100天之內就會決定,http://mission-tw.com/mission/article/news/21306,1,密訊,11198,中國國民黨三民主義青年團
2265926,準備和台灣斷交？索羅門外交部長：100天之內就會決定,http://mission-tw.com/mission/article/news/21306,1,密訊,10847,討厭民進黨
2265926,準備和台灣斷交？索羅門外交部長：100天之內就會決定,http://mission-tw.com/mission/article/news/21306,1,密訊,6275,罷免民進黨
2265926,準備和台灣斷交？索羅門外交部長：100天之內就會決定,http://mission-tw.com/mission/article/news/21306,1,密訊,1487,靠北民進黨
2280321,7大生肖：6月7.8.9日，橫財大發運勢大順！,http://www.fafa01.com/post962007,2,看頭條,13026,按贊福氣到
1527191,若您六十幾歲了，不妨來看看，您會永久收藏，終身研讀,http://www.fafa01.com/post862937,2,看頭條,10933,祝福天天圍繞你
1527191,若您六十幾歲了，不妨來看看，您會永久收藏，終身研讀,http://www.fafa01.com/post862937,2,看頭條,13026,按贊福氣到
1527191,若您六十幾歲了，不妨來看看，您會永久收藏，終身研讀,http://www.fafa01.com/post862937,2,看頭條,10936,歡樂世界
1527191,若您六十幾歲了，不妨來看看，您會永久收藏，終身研讀,http://www.fafa01.com/post862937,2,看頭條,4727,爱烘培，爱料理，爱健康
2278031,讚王金平退初選「有guts」　蔡詩萍：再遷就韓國瑜，會有更多未爆彈,http://mission-tw.com/mission/article/news/21411,1,密訊,9570,反綠救國人人有責
2272881,分享截圖指韓粉求饒？ 王浩宇自導自演露饀了？,http://mission-tw.com/mission/article/news/21381,1,密訊,10847,討厭民進黨
2272881,分享截圖指韓粉求饒？ 王浩宇自導自演露饀了？,http://mission-tw.com/mission/article/news/21381,1,密訊,13763,文青工作會
2272881,分享截圖指韓粉求饒？ 王浩宇自導自演露饀了？,http://mission-tw.com/mission/article/news/21381,1,密訊,176,反蔡英文聯盟－全國民怨嗆蔡總部
2272881,分享截圖指韓粉求饒？ 王浩宇自導自演露饀了？,http://mission-tw.com/mission/article/news/21381,1,密訊,6275,罷免民進黨
2272881,分享截圖指韓粉求饒？ 王浩宇自導自演露饀了？,http://mission-tw.com/mission/article/news/21381,1,密訊,1487,靠北民進黨
2272881,分享截圖指韓粉求饒？ 王浩宇自導自演露饀了？,http://mission-tw.com/mission/article/news/21381,1,密訊,9777,靠北時事
2272881,分享截圖指韓粉求饒？ 王浩宇自導自演露饀了？,http://mission-tw.com/mission/article/news/21381,1,密訊,9778,靠北民進黨
2280103,大潭藻礁驚見極度瀕危台灣白海豚！環團籲中油三接開發案停工 | HSSSZN 讚新聞,https://hssszn.com/archives/63892,4,讚新聞,8493,Hssszn 讚新聞
2270857,韓黑看不下去：韓到底做了啥罪大惡極的事？,http://mission-tw.com/mission/article/news/21364,1,密訊,5114,反民進黨粉絲團
2270857,韓黑看不下去：韓到底做了啥罪大惡極的事？,http://mission-tw.com/mission/article/news/21364,1,密訊,4121,民間大小事
2270857,韓黑看不下去：韓到底做了啥罪大惡極的事？,http://mission-tw.com/mission/article/news/21364,1,密訊,196,青天白日正義力量
2273154,謝龍介爆： 馬英九會向挺韓國瑜者喊這一句,http://mission-tw.com/mission/article/news/21317,1,密訊,176,反蔡英文聯盟－全國民怨嗆蔡總部
2273154,謝龍介爆： 馬英九會向挺韓國瑜者喊這一句,http://mission-tw.com/mission/article/news/21317,1,密訊,196,青天白日正義力量
2274609,李遠哲介入選舉，為特定的候選人背書，把自己當成國師，每次「看走眼」，事後還會以現今的我，推翻過去的我！  政治信用度，早已破產！,http://mission-tw.com/mission/article/news/21301,1,密訊,196,青天白日正義力量
2274609,李遠哲介入選舉，為特定的候選人背書，把自己當成國師，每次「看走眼」，事後還會以現今的我，推翻過去的我！  政治信用度，早已破產！,http://mission-tw.com/mission/article/news/21301,1,密訊,176,反蔡英文聯盟－全國民怨嗆蔡總部
2271857,王子復仇總評韓國瑜議會分數　陳致中給鴨蛋：他說話不算話,http://mission-tw.com/mission/article/news/21366,1,密訊,9570,反綠救國人人有責
2266029,辜寬敏籲她退位當「國母」　蔡英文:我還是繼續當辣台妹或小英總統吧,http://mission-tw.com/mission/article/news/21282,1,密訊,9570,反綠救國人人有責
2277569,考慮進軍立院？ 館長開啟一日投票,https://www.taiwan-politicalnews.com/%e8%80%83%e6%85%ae%e9%80%b2%e8%bb%8d%e7%ab%8b%e9%99%a2%ef%bc%9f-%e9%a4%a8%e9%95%b7%e9%96%8b%e5%95%9f%e4%b8%80%e6%97%a5%e6%8a%95%e7%a5%a8/,7,鬼島狂新聞,141,守護台灣聯盟
2277569,考慮進軍立院？ 館長開啟一日投票,https://www.taiwan-politicalnews.com/%e8%80%83%e6%85%ae%e9%80%b2%e8%bb%8d%e7%ab%8b%e9%99%a2%ef%bc%9f-%e9%a4%a8%e9%95%b7%e9%96%8b%e5%95%9f%e4%b8%80%e6%97%a5%e6%8a%95%e7%a5%a8/,7,鬼島狂新聞,9368,鬼島狂新聞
2277569,考慮進軍立院？ 館長開啟一日投票,https://www.taiwan-politicalnews.com/%e8%80%83%e6%85%ae%e9%80%b2%e8%bb%8d%e7%ab%8b%e9%99%a2%ef%bc%9f-%e9%a4%a8%e9%95%b7%e9%96%8b%e5%95%9f%e4%b8%80%e6%97%a5%e6%8a%95%e7%a5%a8/,7,鬼島狂新聞,9426,鬼島亂爆
2283488,姜子牙推算出來的萬年中國，太准了，很震驚！,http://www.qiqi.world/show/199132,6,琦琦看新聞,10900,琦琦看新聞
2273558,剛剛！中俄做出歷史性決議！美國徹底完了,http://www.qiqi.world/show/198813,6,琦琦看新聞,10900,琦琦看新聞
2262271,和五人小組密會結果出爐！韓國瑜：Yes I do,http://mission-tw.com/mission/article/news/21270,1,密訊,9570,反綠救國人人有責
2268846,韓黑崩潰：韓到底做了啥罪大惡極的事？,http://mission-tw.com/mission/article/news/21331,1,密訊,9570,反綠救國人人有責
2265415,中國率先邁入5G時代！　傳商用5G牌照最快本周發放　，中國科技好厲害！,http://www.qiqi.world/show/198542,6,琦琦看新聞,4392,天南地北
2263955,重砲怒駁劃議會句點 韓國瑜深夜再開逆襲第一槍！,http://mission-tw.com/mission/article/news/21192,1,密訊,196,青天白日正義力量
2263955,重砲怒駁劃議會句點 韓國瑜深夜再開逆襲第一槍！,http://mission-tw.com/mission/article/news/21192,1,密訊,176,反蔡英文聯盟－全國民怨嗆蔡總部
2280764,疫情延燒！醫師轟韓國瑜「不懂登革熱」：還懂什麼高雄？,http://mission-tw.com/mission/article/news/21467,1,密訊,1487,靠北民進黨
2280764,疫情延燒！醫師轟韓國瑜「不懂登革熱」：還懂什麼高雄？,http://mission-tw.com/mission/article/news/21467,1,密訊,6275,罷免民進黨
2280764,疫情延燒！醫師轟韓國瑜「不懂登革熱」：還懂什麼高雄？,http://mission-tw.com/mission/article/news/21467,1,密訊,13763,文青工作會
2280764,疫情延燒！醫師轟韓國瑜「不懂登革熱」：還懂什麼高雄？,http://mission-tw.com/mission/article/news/21467,1,密訊,10847,討厭民進黨
2280764,疫情延燒！醫師轟韓國瑜「不懂登革熱」：還懂什麼高雄？,http://mission-tw.com/mission/article/news/21467,1,密訊,9778,靠北民進黨
2280764,疫情延燒！醫師轟韓國瑜「不懂登革熱」：還懂什麼高雄？,http://mission-tw.com/mission/article/news/21467,1,密訊,9777,靠北時事
2281525,歷史上最大的帝國，只用十幾年就只剩下幾個彈丸小島,http://www.77s.today/show/199051,3,琦琦看新聞,10899,世界華人歷史會社
2268416,韓粉罵王浩宇娘炮！和解金10萬 私訊求：剛出社會僅3萬,https://www.taiwan-politicalnews.com/%e9%9f%93%e7%b2%89%e7%bd%b5%e7%8e%8b%e6%b5%a9%e5%ae%87%e5%a8%98%e7%82%ae%ef%bc%81%e5%92%8c%e8%a7%a3%e9%87%9110%e8%90%ac-%e7%a7%81%e8%a8%8a%e6%b1%82%ef%bc%9a%e5%89%9b%e5%87%ba%e7%a4%be%e6%9c%83/,7,鬼島狂新聞,141,守護台灣聯盟
2268416,韓粉罵王浩宇娘炮！和解金10萬 私訊求：剛出社會僅3萬,https://www.taiwan-politicalnews.com/%e9%9f%93%e7%b2%89%e7%bd%b5%e7%8e%8b%e6%b5%a9%e5%ae%87%e5%a8%98%e7%82%ae%ef%bc%81%e5%92%8c%e8%a7%a3%e9%87%9110%e8%90%ac-%e7%a7%81%e8%a8%8a%e6%b1%82%ef%bc%9a%e5%89%9b%e5%87%ba%e7%a4%be%e6%9c%83/,7,鬼島狂新聞,9368,鬼島狂新聞
2268416,韓粉罵王浩宇娘炮！和解金10萬 私訊求：剛出社會僅3萬,https://www.taiwan-politicalnews.com/%e9%9f%93%e7%b2%89%e7%bd%b5%e7%8e%8b%e6%b5%a9%e5%ae%87%e5%a8%98%e7%82%ae%ef%bc%81%e5%92%8c%e8%a7%a3%e9%87%9110%e8%90%ac-%e7%a7%81%e8%a8%8a%e6%b1%82%ef%bc%9a%e5%89%9b%e5%87%ba%e7%a4%be%e6%9c%83/,7,鬼島狂新聞,9426,鬼島亂爆
2273559,瑞士對中國做出了一個決定，讓西方媒體集體啞巴了,http://www.qiqi.world/show/198780,6,琦琦看新聞,10900,琦琦看新聞
2278063,而以色列此次強硬的舉動很可能導致這種事件提前發生,http://www.77s.today/show/198938,3,琦琦看新聞,12704,全球華人軍事聯盟
2266025,簽書真心手不抖了！陳水扁「加場」6/6高雄簽書會　,http://mission-tw.com/mission/article/news/21310,1,密訊,9570,反綠救國人人有責
2266025,簽書真心手不抖了！陳水扁「加場」6/6高雄簽書會　,http://mission-tw.com/mission/article/news/21310,1,密訊,4119,藍色正義力量
2274596,棄綠投韓！深綠家庭被韓國瑜感動,https://www.taiwan-politicalnews.com/%e6%a3%84%e7%b6%a0%e6%8a%95%e9%9f%93%ef%bc%81%e6%b7%b1%e7%b6%a0%e5%ae%b6%e5%ba%ad%e8%a2%ab%e9%9f%93%e5%9c%8b%e7%91%9c%e6%84%9f%e5%8b%95/,7,鬼島狂新聞,141,守護台灣聯盟
2274596,棄綠投韓！深綠家庭被韓國瑜感動,https://www.taiwan-politicalnews.com/%e6%a3%84%e7%b6%a0%e6%8a%95%e9%9f%93%ef%bc%81%e6%b7%b1%e7%b6%a0%e5%ae%b6%e5%ba%ad%e8%a2%ab%e9%9f%93%e5%9c%8b%e7%91%9c%e6%84%9f%e5%8b%95/,7,鬼島狂新聞,9368,鬼島狂新聞
2274596,棄綠投韓！深綠家庭被韓國瑜感動,https://www.taiwan-politicalnews.com/%e6%a3%84%e7%b6%a0%e6%8a%95%e9%9f%93%ef%bc%81%e6%b7%b1%e7%b6%a0%e5%ae%b6%e5%ba%ad%e8%a2%ab%e9%9f%93%e5%9c%8b%e7%91%9c%e6%84%9f%e5%8b%95/,7,鬼島狂新聞,141,守護台灣聯盟
2274596,棄綠投韓！深綠家庭被韓國瑜感動,https://www.taiwan-politicalnews.com/%e6%a3%84%e7%b6%a0%e6%8a%95%e9%9f%93%ef%bc%81%e6%b7%b1%e7%b6%a0%e5%ae%b6%e5%ba%ad%e8%a2%ab%e9%9f%93%e5%9c%8b%e7%91%9c%e6%84%9f%e5%8b%95/,7,鬼島狂新聞,9426,鬼島亂爆
2273013,綠媒民調蔡英文狂贏 謝寒冰曝驚人疑點笑翻,http://mission-tw.com/mission/article/news/21330,1,密訊,4119,藍色正義力量
2266126,新加坡總理髮文提及越南入鋟柬埔寨歷史，河內和金邊紛紛發聲反對,http://www.77s.today/show/198668,3,琦琦看新聞,10899,世界華人歷史會社
2266126,新加坡總理髮文提及越南入鋟柬埔寨歷史，河內和金邊紛紛發聲反對,http://www.77s.today/show/198668,3,琦琦看新聞,12703,全球華人歷史文化聯盟
2189590,台灣醫師警告：有1種水會致癌，不是隔夜水也不是千滾水，很多人卻經常喝,http://www.fafa01.com/post953170,2,看頭條,13026,按贊福氣到
2189590,台灣醫師警告：有1種水會致癌，不是隔夜水也不是千滾水，很多人卻經常喝,http://www.fafa01.com/post953170,2,看頭條,4081,芒果新聞台
2282785,林佳龍20元廚餘桶用103元做97萬個 議員問：8000萬利潤誰賺走了？ | HSSSZN 讚新聞,https://hssszn.com/archives/63940,4,讚新聞,11198,中國國民黨三民主義青年團
2282785,林佳龍20元廚餘桶用103元做97萬個 議員問：8000萬利潤誰賺走了？ | HSSSZN 讚新聞,https://hssszn.com/archives/63940,4,讚新聞,8493,Hssszn 讚新聞
2277568,館長想選立委？超過8成網友支持 還有人勸他選總統,https://www.taiwan-politicalnews.com/%e9%a4%a8%e9%95%b7%e6%83%b3%e9%81%b8%e7%ab%8b%e5%a7%94%ef%bc%9f%e8%b6%85%e9%81%8e8%e6%88%90%e7%b6%b2%e5%8f%8b%e6%94%af%e6%8c%81-%e9%82%84%e6%9c%89%e4%ba%ba%e5%8b%b8%e4%bb%96%e9%81%b8%e7%b8%bd%e7%b5%b1/,7,鬼島狂新聞,9368,鬼島狂新聞
2277568,館長想選立委？超過8成網友支持 還有人勸他選總統,https://www.taiwan-politicalnews.com/%e9%a4%a8%e9%95%b7%e6%83%b3%e9%81%b8%e7%ab%8b%e5%a7%94%ef%bc%9f%e8%b6%85%e9%81%8e8%e6%88%90%e7%b6%b2%e5%8f%8b%e6%94%af%e6%8c%81-%e9%82%84%e6%9c%89%e4%ba%ba%e5%8b%b8%e4%bb%96%e9%81%b8%e7%b8%bd%e7%b5%b1/,7,鬼島狂新聞,9426,鬼島亂爆
2277568,館長想選立委？超過8成網友支持 還有人勸他選總統,https://www.taiwan-politicalnews.com/%e9%a4%a8%e9%95%b7%e6%83%b3%e9%81%b8%e7%ab%8b%e5%a7%94%ef%bc%9f%e8%b6%85%e9%81%8e8%e6%88%90%e7%b6%b2%e5%8f%8b%e6%94%af%e6%8c%81-%e9%82%84%e6%9c%89%e4%ba%ba%e5%8b%b8%e4%bb%96%e9%81%b8%e7%b8%bd%e7%b5%b1/,7,鬼島狂新聞,141,守護台灣聯盟
2267947,泰國旅遊，如果美女遞毛巾給你，千萬不要接，導遊：接了你會後悔！,http://mission-tw.com/mission/article/life/1116,1,密訊,4999,走，一起去看世界！
2267947,泰國旅遊，如果美女遞毛巾給你，千萬不要接，導遊：接了你會後悔！,http://mission-tw.com/mission/article/life/1116,1,密訊,4654,讚能量生活報
2267947,泰國旅遊，如果美女遞毛巾給你，千萬不要接，導遊：接了你會後悔！,http://mission-tw.com/mission/article/life/1116,1,密訊,11319,人生笑著走
2267947,泰國旅遊，如果美女遞毛巾給你，千萬不要接，導遊：接了你會後悔！,http://mission-tw.com/mission/article/life/1116,1,密訊,12665,旅行‧電影‧愛音樂
2267947,泰國旅遊，如果美女遞毛巾給你，千萬不要接，導遊：接了你會後悔！,http://mission-tw.com/mission/article/life/1116,1,密訊,4081,芒果新聞台
2279938,「飛行超越物理極限」美海軍航空兵稱多次撞見UFO | HSSSZN 讚新聞,https://hssszn.com/archives/63919,4,讚新聞,8493,Hssszn 讚新聞
2279938,「飛行超越物理極限」美海軍航空兵稱多次撞見UFO | HSSSZN 讚新聞,https://hssszn.com/archives/63919,4,讚新聞,8494,祝福天天圍繞你
2263958,缺席凱道 許淑華向韓家軍喊話：622台中見,http://mission-tw.com/mission/article/news/21163,1,密訊,196,青天白日正義力量
2263958,缺席凱道 許淑華向韓家軍喊話：622台中見,http://mission-tw.com/mission/article/news/21163,1,密訊,176,反蔡英文聯盟－全國民怨嗆蔡總部
2267110,最新！蔡陣營民調曝光！韓穩居第一 還領先那麼多,http://mission-tw.com/mission/article/news/21222,1,密訊,4119,藍色正義力量
2282589,韓國瑜政壇沉潛期出軌？前中和市長邱垂益：看都沒看過！談認識的韓國瑜！！,http://mission-tw.com/mission/article/news/21356,1,密訊,196,青天白日正義力量
2282589,韓國瑜政壇沉潛期出軌？前中和市長邱垂益：看都沒看過！談認識的韓國瑜！！,http://mission-tw.com/mission/article/news/21356,1,密訊,176,反蔡英文聯盟－全國民怨嗆蔡總部
2283185,家有生肖狗的人嘛，生肖狗的人六月份不得了了~,http://www.fafa01.com/post962364,2,看頭條,13026,按贊福氣到
801628,貓咪被主人帶上飛機，安檢看了半天居然給放行了，這貓好像不對勁,http://www.fafa01.com/post814035,2,看頭條,4375,萌寵小天使
801628,貓咪被主人帶上飛機，安檢看了半天居然給放行了，這貓好像不對勁,http://www.fafa01.com/post814035,2,看頭條,1280,貓貓最可愛我超愛！
2278217,查出王小姐前夫！黃光芹再扔未爆彈：還找到1張照片,http://mission-tw.com/mission/article/news/21446,1,密訊,13763,文青工作會
2278217,查出王小姐前夫！黃光芹再扔未爆彈：還找到1張照片,http://mission-tw.com/mission/article/news/21446,1,密訊,10847,討厭民進黨
2278217,查出王小姐前夫！黃光芹再扔未爆彈：還找到1張照片,http://mission-tw.com/mission/article/news/21446,1,密訊,9777,靠北時事
2278217,查出王小姐前夫！黃光芹再扔未爆彈：還找到1張照片,http://mission-tw.com/mission/article/news/21446,1,密訊,6275,罷免民進黨
2278217,查出王小姐前夫！黃光芹再扔未爆彈：還找到1張照片,http://mission-tw.com/mission/article/news/21446,1,密訊,1487,靠北民進黨
2278217,查出王小姐前夫！黃光芹再扔未爆彈：還找到1張照片,http://mission-tw.com/mission/article/news/21446,1,密訊,9778,靠北民進黨
2254374,綠軍酸6／1人少？  他發豪語笑綠營不敢,http://mission-tw.com/mission/article/news/21188,1,密訊,176,反蔡英文聯盟－全國民怨嗆蔡總部
2254374,綠軍酸6／1人少？  他發豪語笑綠營不敢,http://mission-tw.com/mission/article/news/21188,1,密訊,196,青天白日正義力量
2277905,法國岳母來中國拜訪親家，下了飛機之後，震京道這裡是中國,http://www.i77.today/show/187718,5,琦琦看新聞,10900,琦琦看新聞
2277905,法國岳母來中國拜訪親家，下了飛機之後，震京道這裡是中國,http://www.i77.today/show/187718,5,琦琦看新聞,12848,全球華人聯盟總主頁
2259952,牙黃牙臭別用鹽水洗！漱口水裡丟一物，輕輕一擦， 還你一口「大白牙」，口氣很清新,http://mission-tw.com/mission/article/life/1063,1,密訊,4654,讚能量生活報
2259952,牙黃牙臭別用鹽水洗！漱口水裡丟一物，輕輕一擦， 還你一口「大白牙」，口氣很清新,http://mission-tw.com/mission/article/life/1063,1,密訊,12517,人生正能量
2274749,反復咳嗽，喉嚨有痰難入睡？一片葉子熬碗水，止咳化痰，效果非常好，不易復發,http://www.fafa01.com/post959610,2,看頭條,4727,爱烘培，爱料理，爱健康
2273143,天氣熱，粽子放幾天就會變壞，教你1個保存方法，粽子新鮮又軟糯！,http://mission-tw.com/mission/article/life/1155,1,密訊,11319,人生笑著走
2273143,天氣熱，粽子放幾天就會變壞，教你1個保存方法，粽子新鮮又軟糯！,http://mission-tw.com/mission/article/life/1155,1,密訊,12665,旅行‧電影‧愛音樂
2273143,天氣熱，粽子放幾天就會變壞，教你1個保存方法，粽子新鮮又軟糯！,http://mission-tw.com/mission/article/life/1155,1,密訊,4999,走，一起去看世界！
2273143,天氣熱，粽子放幾天就會變壞，教你1個保存方法，粽子新鮮又軟糯！,http://mission-tw.com/mission/article/life/1155,1,密訊,4081,芒果新聞台
2273143,天氣熱，粽子放幾天就會變壞，教你1個保存方法，粽子新鮮又軟糯！,http://mission-tw.com/mission/article/life/1155,1,密訊,4654,讚能量生活報
2273143,天氣熱，粽子放幾天就會變壞，教你1個保存方法，粽子新鮮又軟糯！,http://mission-tw.com/mission/article/life/1155,1,密訊,12517,人生正能量
2277664,神預言林志玲「閃婚運」 命理師也給韓國瑜一個建議,http://mission-tw.com/mission/article/news/21398,1,密訊,9406,大中華大平台
2280382,「媽媽，我可以吃這個嗎？」看父母臉色長大的孩子，長大後有多苦？,http://mission-tw.com/mission/article/life/1192,1,密訊,4654,讚能量生活報
2280382,「媽媽，我可以吃這個嗎？」看父母臉色長大的孩子，長大後有多苦？,http://mission-tw.com/mission/article/life/1192,1,密訊,4999,走，一起去看世界！
2280382,「媽媽，我可以吃這個嗎？」看父母臉色長大的孩子，長大後有多苦？,http://mission-tw.com/mission/article/life/1192,1,密訊,11319,人生笑著走
2280382,「媽媽，我可以吃這個嗎？」看父母臉色長大的孩子，長大後有多苦？,http://mission-tw.com/mission/article/life/1192,1,密訊,12517,人生正能量
2274034,打造出地方特色！ 這礦業鎮轉型綠色小鎮 還增加就業機會 | HSSSZN 讚新聞,https://hssszn.com/archives/63869,4,讚新聞,8493,Hssszn 讚新聞
2274034,打造出地方特色！ 這礦業鎮轉型綠色小鎮 還增加就業機會 | HSSSZN 讚新聞,https://hssszn.com/archives/63869,4,讚新聞,8494,祝福天天圍繞你
808205,歲月是把殺豬刀，頭疼了主人，糟蹋了橘貓！網友：養橘貓真是罪過,http://www.fafa01.com/post814775,2,看頭條,4375,萌寵小天使
808205,歲月是把殺豬刀，頭疼了主人，糟蹋了橘貓！網友：養橘貓真是罪過,http://www.fafa01.com/post814775,2,看頭條,1280,貓貓最可愛我超愛！
2271856,韓粉求饒？自導自演？網轟王浩宇：戲精上身不演難過,http://mission-tw.com/mission/article/news/21387,1,密訊,196,青天白日正義力量
2271856,韓粉求饒？自導自演？網轟王浩宇：戲精上身不演難過,http://mission-tw.com/mission/article/news/21387,1,密訊,9570,反綠救國人人有責
2217301,餘天女兒腰痛就醫，竟已大腸癌末期！無不良習慣，為什麼會得大腸癌？外科主任：5原因千萬別忽視,http://www.fafa01.com/post949064,2,看頭條,13026,按贊福氣到
2273158,揭開陳菊在高雄騙術的韓國瑜，陳其邁還會幫高雄嗎？,http://mission-tw.com/mission/article/news/21327,1,密訊,196,青天白日正義力量
2273158,揭開陳菊在高雄騙術的韓國瑜，陳其邁還會幫高雄嗎？,http://mission-tw.com/mission/article/news/21327,1,密訊,176,反蔡英文聯盟－全國民怨嗆蔡總部
2091157,中國絕不接受！美國對華談判13條霸王條款曝光,http://www.qiqi.world/show/193928,6,琦琦看新聞,12848,全球華人聯盟總主頁
2268844,吳子嘉「爆料婚外情」急喊卡？名嘴揭背後驚人原因,http://mission-tw.com/mission/article/news/21336,1,密訊,9570,反綠救國人人有責
2252245,再這樣喝水，小心親手毀掉你的腎，喝水有「3不11要」，做對遠離醫生，腎病不來擾,http://www.fafa01.com/post959744,2,看頭條,4727,爱烘培，爱料理，爱健康
2252245,再這樣喝水，小心親手毀掉你的腎，喝水有「3不11要」，做對遠離醫生，腎病不來擾,http://www.fafa01.com/post959744,2,看頭條,13026,按贊福氣到
2267707,替娘家背債被迫擺攤 她突發奇想翻轉人生：做對的事上天會給我們一條路走的 | HSSSZN 讚新聞,https://hssszn.com/archives/63816,4,讚新聞,8493,Hssszn 讚新聞
2271379,連夜拚「路平」 韓市府鐵人部隊又來了,http://mission-tw.com/mission/article/news/21379,1,密訊,10847,討厭民進黨
2271379,連夜拚「路平」 韓市府鐵人部隊又來了,http://mission-tw.com/mission/article/news/21379,1,密訊,1487,靠北民進黨
2271379,連夜拚「路平」 韓市府鐵人部隊又來了,http://mission-tw.com/mission/article/news/21379,1,密訊,9777,靠北時事
2271379,連夜拚「路平」 韓市府鐵人部隊又來了,http://mission-tw.com/mission/article/news/21379,1,密訊,6275,罷免民進黨
2271379,連夜拚「路平」 韓市府鐵人部隊又來了,http://mission-tw.com/mission/article/news/21379,1,密訊,9778,靠北民進黨
2271379,連夜拚「路平」 韓市府鐵人部隊又來了,http://mission-tw.com/mission/article/news/21379,1,密訊,13763,文青工作會
966220,全台石虎僅剩500隻 苗栗縣卻要砸8千萬毀棲地 立委痛批：前瞻就是綁樁,https://hssszn.com/archives/52188,4,讚新聞,8493,Hssszn 讚新聞
2276808,被美國傷透了心，澳大利亞向中國追加訂單，特朗普急眼了！,http://www.qiqi.world/show/198941,6,琦琦看新聞,10900,琦琦看新聞
2279439,人老腿先老 ，7個動作來延長！改善手腳麻木、小腿抽筋，緩解膝關節疼痛，腿腳越來越強壯,http://mission-tw.com/mission/article/life/1169,1,密訊,4654,讚能量生活報
2279439,人老腿先老 ，7個動作來延長！改善手腳麻木、小腿抽筋，緩解膝關節疼痛，腿腳越來越強壯,http://mission-tw.com/mission/article/life/1169,1,密訊,12665,旅行‧電影‧愛音樂
2279439,人老腿先老 ，7個動作來延長！改善手腳麻木、小腿抽筋，緩解膝關節疼痛，腿腳越來越強壯,http://mission-tw.com/mission/article/life/1169,1,密訊,11319,人生笑著走
2279439,人老腿先老 ，7個動作來延長！改善手腳麻木、小腿抽筋，緩解膝關節疼痛，腿腳越來越強壯,http://mission-tw.com/mission/article/life/1169,1,密訊,4999,走，一起去看世界！
2279439,人老腿先老 ，7個動作來延長！改善手腳麻木、小腿抽筋，緩解膝關節疼痛，腿腳越來越強壯,http://mission-tw.com/mission/article/life/1169,1,密訊,4081,芒果新聞台
801626,一山不容二虎，一個家裡不能有兩個寶寶？,http://www.fafa01.com/post814030,2,看頭條,1280,貓貓最可愛我超愛！
801626,一山不容二虎，一個家裡不能有兩個寶寶？,http://www.fafa01.com/post814030,2,看頭條,4375,萌寵小天使
2274037,美擬大規模軍售台灣 國防部：已提發價書、進度正常 | HSSSZN 讚新聞,https://hssszn.com/archives/63853,4,讚新聞,8493,Hssszn 讚新聞
2267712,明年再投國民黨 館長嗆：今日苗栗明日台灣！ | HSSSZN 讚新聞,https://hssszn.com/archives/63803,4,讚新聞,8493,Hssszn 讚新聞
2270414,中國一下籤了兩個聯合聲明，內涵相當豐富,http://www.77s.today/show/198767,3,琦琦看新聞,11548,全球華人資訊聯盟
2270414,中國一下籤了兩個聯合聲明，內涵相當豐富,http://www.77s.today/show/198767,3,琦琦看新聞,4392,天南地北
2270414,中國一下籤了兩個聯合聲明，內涵相當豐富,http://www.77s.today/show/198767,3,琦琦看新聞,12848,全球華人聯盟總主頁
2270414,中國一下籤了兩個聯合聲明，內涵相當豐富,http://www.77s.today/show/198767,3,琦琦看新聞,4393,全球華人盛世聯盟
2272510,消防局的一位小客人，蹭久了成為長期的食客了　更正！是橘長！橘長為您分憂解勞！,http://www.fafa01.com/post961241,2,看頭條,1280,貓貓最可愛我超愛！
2272510,消防局的一位小客人，蹭久了成為長期的食客了　更正！是橘長！橘長為您分憂解勞！,http://www.fafa01.com/post961241,2,看頭條,4375,萌寵小天使
2275259,美買F-35一架27億！ 台灣買一架F-16V卻要37億？ | HSSSZN 讚新聞,https://hssszn.com/archives/59083,4,讚新聞,11551,中道  台灣
2272694,2020徹底解決台灣問題：計劃曝光驚國人,http://www.qiqi.world/show/198534,6,琦琦看新聞,12702,全球華人鐵血聯盟
2272882,總評韓國瑜議會分數  陳致中給鴨蛋   網:父貪子嫖給幾分？,http://mission-tw.com/mission/article/news/21389,1,密訊,4119,藍色正義力量
2272882,總評韓國瑜議會分數  陳致中給鴨蛋   網:父貪子嫖給幾分？,http://mission-tw.com/mission/article/news/21389,1,密訊,1487,靠北民進黨
2272882,總評韓國瑜議會分數  陳致中給鴨蛋   網:父貪子嫖給幾分？,http://mission-tw.com/mission/article/news/21389,1,密訊,9778,靠北民進黨
2272882,總評韓國瑜議會分數  陳致中給鴨蛋   網:父貪子嫖給幾分？,http://mission-tw.com/mission/article/news/21389,1,密訊,10847,討厭民進黨
2272882,總評韓國瑜議會分數  陳致中給鴨蛋   網:父貪子嫖給幾分？,http://mission-tw.com/mission/article/news/21389,1,密訊,196,青天白日正義力量
2272882,總評韓國瑜議會分數  陳致中給鴨蛋   網:父貪子嫖給幾分？,http://mission-tw.com/mission/article/news/21389,1,密訊,13763,文青工作會
2272882,總評韓國瑜議會分數  陳致中給鴨蛋   網:父貪子嫖給幾分？,http://mission-tw.com/mission/article/news/21389,1,密訊,9777,靠北時事
2272882,總評韓國瑜議會分數  陳致中給鴨蛋   網:父貪子嫖給幾分？,http://mission-tw.com/mission/article/news/21389,1,密訊,176,反蔡英文聯盟－全國民怨嗆蔡總部
2272882,總評韓國瑜議會分數  陳致中給鴨蛋   網:父貪子嫖給幾分？,http://mission-tw.com/mission/article/news/21389,1,密訊,6275,罷免民進黨
2279782,華為穩了！又一晶片巨頭「選擇中國」，無視ARM封鎖技術,http://www.i77.today/show/187776,5,琦琦看新聞,10900,琦琦看新聞
2281590,美媒：美智庫報告誤讀了中國,http://www.77s.today/show/199004,3,琦琦看新聞,4393,全球華人盛世聯盟
2281590,美媒：美智庫報告誤讀了中國,http://www.77s.today/show/199004,3,琦琦看新聞,12848,全球華人聯盟總主頁
2281590,美媒：美智庫報告誤讀了中國,http://www.77s.today/show/199004,3,琦琦看新聞,4392,天南地北
2260375,韓粉注意了！台北到花蓮參加造勢 韓陣營教這一趟路怎麼搭車…,http://mission-tw.com/mission/article/news/21189,1,密訊,176,反蔡英文聯盟－全國民怨嗆蔡總部
2260375,韓粉注意了！台北到花蓮參加造勢 韓陣營教這一趟路怎麼搭車…,http://mission-tw.com/mission/article/news/21189,1,密訊,196,青天白日正義力量
2267106,特赦陳水扁兩條件   賴清德：完備法律及扁願意跟社會道歉應該就可解決,http://mission-tw.com/mission/article/news/21318,1,密訊,10847,討厭民進黨
2267106,特赦陳水扁兩條件   賴清德：完備法律及扁願意跟社會道歉應該就可解決,http://mission-tw.com/mission/article/news/21318,1,密訊,9778,靠北民進黨
2267106,特赦陳水扁兩條件   賴清德：完備法律及扁願意跟社會道歉應該就可解決,http://mission-tw.com/mission/article/news/21318,1,密訊,13763,文青工作會
2267106,特赦陳水扁兩條件   賴清德：完備法律及扁願意跟社會道歉應該就可解決,http://mission-tw.com/mission/article/news/21318,1,密訊,6275,罷免民進黨
2267106,特赦陳水扁兩條件   賴清德：完備法律及扁願意跟社會道歉應該就可解決,http://mission-tw.com/mission/article/news/21318,1,密訊,9777,靠北時事
2267106,特赦陳水扁兩條件   賴清德：完備法律及扁願意跟社會道歉應該就可解決,http://mission-tw.com/mission/article/news/21318,1,密訊,1487,靠北民進黨
2254373,40萬用喊的？  韓粉要那些崩潰者看看這裡,http://mission-tw.com/mission/article/news/21190,1,密訊,196,青天白日正義力量
2254373,40萬用喊的？  韓粉要那些崩潰者看看這裡,http://mission-tw.com/mission/article/news/21190,1,密訊,176,反蔡英文聯盟－全國民怨嗆蔡總部
2272511,貓咪做完絕育后，每天坐地上思考人生，貓咪：大勢已去了．．．,http://www.fafa01.com/post961243,2,看頭條,4375,萌寵小天使
2272511,貓咪做完絕育后，每天坐地上思考人生，貓咪：大勢已去了．．．,http://www.fafa01.com/post961243,2,看頭條,1280,貓貓最可愛我超愛！
2263437,突然宣布！解除華為限制！！！,http://www.i77.today/show/187307,5,琦琦看新聞,12703,全球華人歷史文化聯盟
2263437,突然宣布！解除華為限制！！！,http://www.i77.today/show/187307,5,琦琦看新聞,4393,全球華人盛世聯盟
2263437,突然宣布！解除華為限制！！！,http://www.i77.today/show/187307,5,琦琦看新聞,4392,天南地北
2273240,王金平不參加初選 韓國瑜3點聲明回應,http://mission-tw.com/mission/article/news/21362,1,密訊,13014,幹譙民進黨
2279454,韓國瑜小心了！超大韓黑黃光芹再放話「不再縱容自己沒心機」,http://mission-tw.com/mission/article/news/21343,1,密訊,176,反蔡英文聯盟－全國民怨嗆蔡總部
742986,家當全被丟出，波絲貓縮角落眼神獃滯，飼料爬滿螞蟻沒水喝！,http://www.fafa01.com/post810403,2,看頭條,4081,芒果新聞台
2280323,農歷五月初五端午節，一個牛，一個羊，一個蛇，一個豬！,http://www.fafa01.com/post962075,2,看頭條,13026,按贊福氣到
2270235,台南觀光亮警訊？ 著名正興街特色店不敵夾娃娃店 一家家熄燈 | HSSSZN 讚新聞,https://hssszn.com/archives/63844,4,讚新聞,8493,Hssszn 讚新聞
2276809,習總出招千億美元入帳！美兩年貿易戰血本無歸,http://www.qiqi.world/show/198936,6,琦琦看新聞,10900,琦琦看新聞
2281477,鄭麗文「沒關麥」 無意提到「趙少康」在幫郭台銘,http://mission-tw.com/mission/article/news/21466,1,密訊,9570,反綠救國人人有責
2282139,韓家軍來了!花蓮恐現史上最大遷徙,http://mission-tw.com/mission/article/news/21465,1,密訊,9406,大中華大平台
2267460,突然，華為狠打一套組合拳，美國可能吃不消,http://www.i77.today/show/187508,5,琦琦看新聞,10900,琦琦看新聞
2281253,公開韓國瑜請假紀錄 白眼女神：不需漫不經心的市長,https://www.taiwan-politicalnews.com/%e5%85%ac%e9%96%8b%e9%9f%93%e5%9c%8b%e7%91%9c%e8%ab%8b%e5%81%87%e7%b4%80%e9%8c%84-%e7%99%bd%e7%9c%bc%e5%a5%b3%e7%a5%9e%ef%bc%9a%e4%b8%8d%e9%9c%80%e6%bc%ab%e4%b8%8d%e7%b6%93%e5%bf%83%e7%9a%84%e5%b8%82/,7,鬼島狂新聞,9368,鬼島狂新聞
2281253,公開韓國瑜請假紀錄 白眼女神：不需漫不經心的市長,https://www.taiwan-politicalnews.com/%e5%85%ac%e9%96%8b%e9%9f%93%e5%9c%8b%e7%91%9c%e8%ab%8b%e5%81%87%e7%b4%80%e9%8c%84-%e7%99%bd%e7%9c%bc%e5%a5%b3%e7%a5%9e%ef%bc%9a%e4%b8%8d%e9%9c%80%e6%bc%ab%e4%b8%8d%e7%b6%93%e5%bf%83%e7%9a%84%e5%b8%82/,7,鬼島狂新聞,141,守護台灣聯盟
2281253,公開韓國瑜請假紀錄 白眼女神：不需漫不經心的市長,https://www.taiwan-politicalnews.com/%e5%85%ac%e9%96%8b%e9%9f%93%e5%9c%8b%e7%91%9c%e8%ab%8b%e5%81%87%e7%b4%80%e9%8c%84-%e7%99%bd%e7%9c%bc%e5%a5%b3%e7%a5%9e%ef%bc%9a%e4%b8%8d%e9%9c%80%e6%bc%ab%e4%b8%8d%e7%b6%93%e5%bf%83%e7%9a%84%e5%b8%82/,7,鬼島狂新聞,9426,鬼島亂爆
2257953,父母在，家就在，兄弟姊妹就是一家人；父母不在，各自就成了親戚,http://mission-tw.com/mission/article/life/1048,1,密訊,12517,人生正能量
2257953,父母在，家就在，兄弟姊妹就是一家人；父母不在，各自就成了親戚,http://mission-tw.com/mission/article/life/1048,1,密訊,4654,讚能量生活報
2257953,父母在，家就在，兄弟姊妹就是一家人；父母不在，各自就成了親戚,http://mission-tw.com/mission/article/life/1048,1,密訊,4999,走，一起去看世界！
2257953,父母在，家就在，兄弟姊妹就是一家人；父母不在，各自就成了親戚,http://mission-tw.com/mission/article/life/1048,1,密訊,11319,人生笑著走
787983,一道窗隔開兩個世界...浪貓與家貓隔窗對望兩個月，暖老闆不忍浪貓被欺負決定收編！,http://www.fafa01.com/post812973,2,看頭條,4375,萌寵小天使
2266060,黃光芹影射「裡應外合」鬥李佳芬  黃文財怒指「胡說八道」擬提告,https://nooho.net/2019/06/DPPfraud21983/,9,怒吼,12978,韓家軍鐵粉聯盟
2266060,黃光芹影射「裡應外合」鬥李佳芬  黃文財怒指「胡說八道」擬提告,https://nooho.net/2019/06/DPPfraud21983/,9,怒吼,10897,蔡英文下台罪狀集結總部
2266060,黃光芹影射「裡應外合」鬥李佳芬  黃文財怒指「胡說八道」擬提告,https://nooho.net/2019/06/DPPfraud21983/,9,怒吼,11176,反蔡英文粉絲團
2266060,黃光芹影射「裡應外合」鬥李佳芬  黃文財怒指「胡說八道」擬提告,https://nooho.net/2019/06/DPPfraud21983/,9,怒吼,176,反蔡英文聯盟－全國民怨嗆蔡總部
2266060,黃光芹影射「裡應外合」鬥李佳芬  黃文財怒指「胡說八道」擬提告,https://nooho.net/2019/06/DPPfraud21983/,9,怒吼,12907,統一中國/中國統一  /  统一中国/中国统一
2278066,狐假虎威！又一國家徹底倒向特朗普想把港口打造成美軍基地,http://www.i77.today/show/187716,5,琦琦看新聞,12702,全球華人鐵血聯盟
2278066,狐假虎威！又一國家徹底倒向特朗普想把港口打造成美軍基地,http://www.i77.today/show/187716,5,琦琦看新聞,12704,全球華人軍事聯盟
2280763,李佳芬笑稱 不要把韓國瑜講得這麼無能,http://mission-tw.com/mission/article/news/21471,1,密訊,13763,文青工作會
2280763,李佳芬笑稱 不要把韓國瑜講得這麼無能,http://mission-tw.com/mission/article/news/21471,1,密訊,6275,罷免民進黨
2280763,李佳芬笑稱 不要把韓國瑜講得這麼無能,http://mission-tw.com/mission/article/news/21471,1,密訊,9778,靠北民進黨
2280763,李佳芬笑稱 不要把韓國瑜講得這麼無能,http://mission-tw.com/mission/article/news/21471,1,密訊,10847,討厭民進黨
2280763,李佳芬笑稱 不要把韓國瑜講得這麼無能,http://mission-tw.com/mission/article/news/21471,1,密訊,1487,靠北民進黨
2280763,李佳芬笑稱 不要把韓國瑜講得這麼無能,http://mission-tw.com/mission/article/news/21471,1,密訊,9777,靠北時事
2282448,華為宣布5G收費標準，這次輪到別的運營商「崩潰」了！,http://www.i77.today/show/187667,5,琦琦看新聞,4392,天南地北
2267205,老人中了500萬，沉思一夜決定全給一個女兒，3個女兒都蒙了,http://mission-tw.com/mission/article/life/1091,1,密訊,4081,芒果新聞台
2267205,老人中了500萬，沉思一夜決定全給一個女兒，3個女兒都蒙了,http://mission-tw.com/mission/article/life/1091,1,密訊,11319,人生笑著走
2267205,老人中了500萬，沉思一夜決定全給一個女兒，3個女兒都蒙了,http://mission-tw.com/mission/article/life/1091,1,密訊,4999,走，一起去看世界！
2267205,老人中了500萬，沉思一夜決定全給一個女兒，3個女兒都蒙了,http://mission-tw.com/mission/article/life/1091,1,密訊,4654,讚能量生活報
2267205,老人中了500萬，沉思一夜決定全給一個女兒，3個女兒都蒙了,http://mission-tw.com/mission/article/life/1091,1,密訊,12665,旅行‧電影‧愛音樂
2267205,老人中了500萬，沉思一夜決定全給一個女兒，3個女兒都蒙了,http://mission-tw.com/mission/article/life/1091,1,密訊,12517,人生正能量
2283266,週週都有國瑜夜市?,http://mission-tw.com/mission/article/news/21391,1,密訊,196,青天白日正義力量
2273147,最好的母女關係：如王菲和竇靖童般互相為對方撐台,http://mission-tw.com/mission/article/fun/792,1,密訊,12665,旅行‧電影‧愛音樂
2273147,最好的母女關係：如王菲和竇靖童般互相為對方撐台,http://mission-tw.com/mission/article/fun/792,1,密訊,4081,芒果新聞台
2273147,最好的母女關係：如王菲和竇靖童般互相為對方撐台,http://mission-tw.com/mission/article/fun/792,1,密訊,4999,走，一起去看世界！
2283265,拿不到分數啦！陳致中評價韓國瑜表現　嘆：基本態度都沒有,http://mission-tw.com/mission/article/news/21382,1,密訊,196,青天白日正義力量
2273738,伊朗出土兩具2800年前屍骨，臨死前的最後一吻，感動在場考古專家,http://www.77s.today/show/198769,3,琦琦看新聞,10899,世界華人歷史會社
2273738,伊朗出土兩具2800年前屍骨，臨死前的最後一吻，感動在場考古專家,http://www.77s.today/show/198769,3,琦琦看新聞,12703,全球華人歷史文化聯盟
2273738,伊朗出土兩具2800年前屍骨，臨死前的最後一吻，感動在場考古專家,http://www.77s.today/show/198769,3,琦琦看新聞,12703,全球華人歷史文化聯盟
2277401,40歲女子患上子宮肌瘤，都是「吃」惹的禍，專家提醒：3種食物再不忌口，小心「腫塊」越喂越大！,http://www.fafa01.com/post961393,2,看頭條,13026,按贊福氣到
2277401,40歲女子患上子宮肌瘤，都是「吃」惹的禍，專家提醒：3種食物再不忌口，小心「腫塊」越喂越大！,http://www.fafa01.com/post961393,2,看頭條,4727,爱烘培，爱料理，爱健康
2277401,40歲女子患上子宮肌瘤，都是「吃」惹的禍，專家提醒：3種食物再不忌口，小心「腫塊」越喂越大！,http://www.fafa01.com/post961393,2,看頭條,13860,旅行．美景．看世界！
2280264,主人答應下班回去要給貓咪帶零食呢，結果忘了，貓咪的表情亮了！,http://www.fafa01.com/post961917,2,看頭條,4375,萌寵小天使
2263889,蔡執政失敗 柯志恩：李遠哲最沒資格鬼叫,http://mission-tw.com/mission/article/news/21208,1,密訊,176,反蔡英文聯盟－全國民怨嗆蔡總部
2263889,蔡執政失敗 柯志恩：李遠哲最沒資格鬼叫,http://mission-tw.com/mission/article/news/21208,1,密訊,196,青天白日正義力量
2283958,徹底與美國晶片說拜拜！中方3納米電晶體問世，美企損失將超500億！,http://www.qiqi.world/show/198932,6,琦琦看新聞,12848,全球華人聯盟總主頁
804091,買了個骷髏掛件，結果被家裡貓拿來當枕頭，然後就尷尬了,http://www.fafa01.com/post814777,2,看頭條,1280,貓貓最可愛我超愛！
804091,買了個骷髏掛件，結果被家裡貓拿來當枕頭，然後就尷尬了,http://www.fafa01.com/post814777,2,看頭條,4375,萌寵小天使
2270415,港媒：美對華貿易戰，變得越來越愚蠢,http://www.77s.today/show/198704,3,琦琦看新聞,12848,全球華人聯盟總主頁
2270415,港媒：美對華貿易戰，變得越來越愚蠢,http://www.77s.today/show/198704,3,琦琦看新聞,4392,天南地北
2270415,港媒：美對華貿易戰，變得越來越愚蠢,http://www.77s.today/show/198704,3,琦琦看新聞,11548,全球華人資訊聯盟
2270415,港媒：美對華貿易戰，變得越來越愚蠢,http://www.77s.today/show/198704,3,琦琦看新聞,4393,全球華人盛世聯盟
756325,粗心大意把貓咪關進冰箱，2小時過去找到貓咪後，就這樣了,http://www.fafa01.com/post810972,2,看頭條,4375,萌寵小天使
756325,粗心大意把貓咪關進冰箱，2小時過去找到貓咪後，就這樣了,http://www.fafa01.com/post810972,2,看頭條,1280,貓貓最可愛我超愛！
2273830,柯P批民進黨執政不力 以「對抗中國」鞏固民意,http://mission-tw.com/mission/article/news/21394,1,密訊,5114,反民進黨粉絲團
2273830,柯P批民進黨執政不力 以「對抗中國」鞏固民意,http://mission-tw.com/mission/article/news/21394,1,密訊,4121,民間大小事
2278029,館長要選立委？網挺：快去扁立委！,http://mission-tw.com/mission/article/news/21419,1,密訊,9570,反綠救國人人有責
2255409,聽到村里長談話 他斷言「韓流將再起」,http://mission-tw.com/mission/article/news/21180,1,密訊,196,青天白日正義力量
2255409,聽到村里長談話 他斷言「韓流將再起」,http://mission-tw.com/mission/article/news/21180,1,密訊,176,反蔡英文聯盟－全國民怨嗆蔡總部
2271619,抗擊霸權，中俄巨人並肩！美國強弩之末快速到來，放棄先前強硬,http://www.77s.today/show/198764,3,琦琦看新聞,12704,全球華人軍事聯盟
2271619,抗擊霸權，中俄巨人並肩！美國強弩之末快速到來，放棄先前強硬,http://www.77s.today/show/198764,3,琦琦看新聞,12702,全球華人鐵血聯盟
2266130,端午節的起源真是為了紀念屈原嗎？聊聊你所不知道的端午故事,http://www.77s.today/show/198600,3,琦琦看新聞,10899,世界華人歷史會社
2267221,快評》國母金孫笑死人,http://mission-tw.com/mission/article/news/21314,1,密訊,4121,民間大小事
2267221,快評》國母金孫笑死人,http://mission-tw.com/mission/article/news/21314,1,密訊,196,青天白日正義力量
2267221,快評》國母金孫笑死人,http://mission-tw.com/mission/article/news/21314,1,密訊,5114,反民進黨粉絲團
2273137,父親生前欠二十萬，大兒子裝聾作啞小兒子去還債，見到債主嚇懵了,http://mission-tw.com/mission/article/life/1160,1,密訊,12665,旅行‧電影‧愛音樂
2273137,父親生前欠二十萬，大兒子裝聾作啞小兒子去還債，見到債主嚇懵了,http://mission-tw.com/mission/article/life/1160,1,密訊,12517,人生正能量
2273137,父親生前欠二十萬，大兒子裝聾作啞小兒子去還債，見到債主嚇懵了,http://mission-tw.com/mission/article/life/1160,1,密訊,4081,芒果新聞台
2273137,父親生前欠二十萬，大兒子裝聾作啞小兒子去還債，見到債主嚇懵了,http://mission-tw.com/mission/article/life/1160,1,密訊,11319,人生笑著走
2273137,父親生前欠二十萬，大兒子裝聾作啞小兒子去還債，見到債主嚇懵了,http://mission-tw.com/mission/article/life/1160,1,密訊,4654,讚能量生活報
2273137,父親生前欠二十萬，大兒子裝聾作啞小兒子去還債，見到債主嚇懵了,http://mission-tw.com/mission/article/life/1160,1,密訊,4999,走，一起去看世界！
2267717,郭台銘痛批：中時是「最大隻假韓粉」最大黑郭總司令部 | HSSSZN 讚新聞,https://hssszn.com/archives/63788,4,讚新聞,8493,Hssszn 讚新聞
2268213,最旺父母的生肖，天生的小財星！誰家有，誰就有福,http://mission-tw.com/mission/article/test/1719,1,密訊,11319,人生笑著走
2268213,最旺父母的生肖，天生的小財星！誰家有，誰就有福,http://mission-tw.com/mission/article/test/1719,1,密訊,4999,走，一起去看世界！
2268213,最旺父母的生肖，天生的小財星！誰家有，誰就有福,http://mission-tw.com/mission/article/test/1719,1,密訊,12517,人生正能量
2268213,最旺父母的生肖，天生的小財星！誰家有，誰就有福,http://mission-tw.com/mission/article/test/1719,1,密訊,4654,讚能量生活報
2265414,華為與谷歌不會再合作谷歌稱該決定取消！只因華為拿出剎手鐧,http://www.i77.today/show/187335,5,琦琦看新聞,4392,天南地北
2271621,海灣劍拔弩張，特朗普不排除打擊伊朗，終極目標曝光，俄：危險了,http://www.cnba.live/show/187585,8,琦琦看新聞,12704,全球華人軍事聯盟
2264557,財神爺助這5大生肖財運好,http://www.fafa01.com/post960670,2,看頭條,10933,祝福天天圍繞你
2264557,財神爺助這5大生肖財運好,http://www.fafa01.com/post960670,2,看頭條,10936,歡樂世界
2116113,轉基因糧食毀咩中國， 美國人殘can害中國的陰謀,http://www.qiqi.world/show/194630,6,琦琦看新聞,12848,全球華人聯盟總主頁
2264984,韓6／1花蓮之役 他曝：將見證「非韓不投」的可怕,http://mission-tw.com/mission/article/news/21235,1,密訊,9406,大中華大平台
2270856,解決邊開、邊投亂象 中選會明年大選增1500投票所,http://mission-tw.com/mission/article/news/21365,1,密訊,4121,民間大小事
2270856,解決邊開、邊投亂象 中選會明年大選增1500投票所,http://mission-tw.com/mission/article/news/21365,1,密訊,5114,反民進黨粉絲團
2267715,酸韓國瑜不符期待 蔡英文：感覺市民對陳菊在高雄的施政有很多懷念 | HSSSZN 讚新聞,https://hssszn.com/archives/63794,4,讚新聞,8493,Hssszn 讚新聞
2282447,大國崛起：今天中國 終於成功 打破壟斷，這也是最狠的報復！,http://www.qiqi.world/show/198808,6,琦琦看新聞,4392,天南地北
2279443,教你4招，防範小黑蚊！,http://mission-tw.com/mission/article/life/1166,1,密訊,12665,旅行‧電影‧愛音樂
2279443,教你4招，防範小黑蚊！,http://mission-tw.com/mission/article/life/1166,1,密訊,12517,人生正能量
2279443,教你4招，防範小黑蚊！,http://mission-tw.com/mission/article/life/1166,1,密訊,11319,人生笑著走
2279443,教你4招，防範小黑蚊！,http://mission-tw.com/mission/article/life/1166,1,密訊,4654,讚能量生活報
2279443,教你4招，防範小黑蚊！,http://mission-tw.com/mission/article/life/1166,1,密訊,4081,芒果新聞台
2279443,教你4招，防範小黑蚊！,http://mission-tw.com/mission/article/life/1166,1,密訊,4999,走，一起去看世界！
2267222,蔡營民調小贏賴？   蔡英文：政績使然   賴清德：我最強,http://mission-tw.com/mission/article/news/21311,1,密訊,4121,民間大小事
2267222,蔡營民調小贏賴？   蔡英文：政績使然   賴清德：我最強,http://mission-tw.com/mission/article/news/21311,1,密訊,5114,反民進黨粉絲團
2270413,華為突然宣布：3988元！美國圍剿土崩瓦解,http://www.qiqi.world/show/198818,6,琦琦看新聞,12848,全球華人聯盟總主頁
2270413,華為突然宣布：3988元！美國圍剿土崩瓦解,http://www.qiqi.world/show/198818,6,琦琦看新聞,12703,全球華人歷史文化聯盟
2270858,全心全意勤走基層   王金平 ：不參加黨內初選,http://mission-tw.com/mission/article/news/21363,1,密訊,5114,反民進黨粉絲團
2270858,全心全意勤走基層   王金平 ：不參加黨內初選,http://mission-tw.com/mission/article/news/21363,1,密訊,4121,民間大小事
2275437,失言被轟！管碧玲：沒得登革熱高雄血統不純,http://mission-tw.com/mission/article/news/21392,1,密訊,9570,反綠救國人人有責
2270486,「別讓議員看不起！」韓粉挨告賠不起10萬 韓家軍發動捐款,https://www.taiwan-politicalnews.com/%e3%80%8c%e5%88%a5%e8%ae%93%e8%ad%b0%e5%93%a1%e7%9c%8b%e4%b8%8d%e8%b5%b7%ef%bc%81%e3%80%8d%e9%9f%93%e7%b2%89%e6%8c%a8%e5%91%8a%e8%b3%a0%e4%b8%8d%e8%b5%b710%e8%90%ac-%e9%9f%93%e5%ae%b6%e8%bb%8d/,7,鬼島狂新聞,141,守護台灣聯盟
2270486,「別讓議員看不起！」韓粉挨告賠不起10萬 韓家軍發動捐款,https://www.taiwan-politicalnews.com/%e3%80%8c%e5%88%a5%e8%ae%93%e8%ad%b0%e5%93%a1%e7%9c%8b%e4%b8%8d%e8%b5%b7%ef%bc%81%e3%80%8d%e9%9f%93%e7%b2%89%e6%8c%a8%e5%91%8a%e8%b3%a0%e4%b8%8d%e8%b5%b710%e8%90%ac-%e9%9f%93%e5%ae%b6%e8%bb%8d/,7,鬼島狂新聞,141,守護台灣聯盟
2270486,「別讓議員看不起！」韓粉挨告賠不起10萬 韓家軍發動捐款,https://www.taiwan-politicalnews.com/%e3%80%8c%e5%88%a5%e8%ae%93%e8%ad%b0%e5%93%a1%e7%9c%8b%e4%b8%8d%e8%b5%b7%ef%bc%81%e3%80%8d%e9%9f%93%e7%b2%89%e6%8c%a8%e5%91%8a%e8%b3%a0%e4%b8%8d%e8%b5%b710%e8%90%ac-%e9%9f%93%e5%ae%b6%e8%bb%8d/,7,鬼島狂新聞,9426,鬼島亂爆
2270486,「別讓議員看不起！」韓粉挨告賠不起10萬 韓家軍發動捐款,https://www.taiwan-politicalnews.com/%e3%80%8c%e5%88%a5%e8%ae%93%e8%ad%b0%e5%93%a1%e7%9c%8b%e4%b8%8d%e8%b5%b7%ef%bc%81%e3%80%8d%e9%9f%93%e7%b2%89%e6%8c%a8%e5%91%8a%e8%b3%a0%e4%b8%8d%e8%b5%b710%e8%90%ac-%e9%9f%93%e5%ae%b6%e8%bb%8d/,7,鬼島狂新聞,9368,鬼島狂新聞
2265927,辜寬敏籲她退位當「國母」  蔡英文:我還是繼續當辣台妹,http://mission-tw.com/mission/article/news/21291,1,密訊,9778,靠北民進黨
2265927,辜寬敏籲她退位當「國母」  蔡英文:我還是繼續當辣台妹,http://mission-tw.com/mission/article/news/21291,1,密訊,1487,靠北民進黨
2265927,辜寬敏籲她退位當「國母」  蔡英文:我還是繼續當辣台妹,http://mission-tw.com/mission/article/news/21291,1,密訊,10847,討厭民進黨
2265927,辜寬敏籲她退位當「國母」  蔡英文:我還是繼續當辣台妹,http://mission-tw.com/mission/article/news/21291,1,密訊,6275,罷免民進黨
2265927,辜寬敏籲她退位當「國母」  蔡英文:我還是繼續當辣台妹,http://mission-tw.com/mission/article/news/21291,1,密訊,9777,靠北時事
2272695,中國最艱難的時刻  是這個國家不惜和美日翻臉  一如既往力挺中國,http://www.i77.today/show/187505,5,琦琦看新聞,12702,全球華人鐵血聯盟
2262269,林郁方初選勝出 網友譏：林昶佐穩了,http://mission-tw.com/mission/article/news/21274,1,密訊,9570,反綠救國人人有責
2270064,身邊有屬「豬」的人注意了，端午節起有望翻身，2019年好運不斷，請為屬豬的人祈福,http://www.fafa01.com/post959086,2,看頭條,13026,按贊福氣到
2260612,館長涉公然侮辱遭起訴！他忍不住直呼：大快人心,http://mission-tw.com/mission/article/news/21220,1,密訊,176,反蔡英文聯盟－全國民怨嗆蔡總部
2260612,館長涉公然侮辱遭起訴！他忍不住直呼：大快人心,http://mission-tw.com/mission/article/news/21220,1,密訊,196,青天白日正義力量
2282588,李佳芬原反對韓選總統？林佳新爆關鍵轉折 竟是因為。,http://mission-tw.com/mission/article/news/21358,1,密訊,196,青天白日正義力量
2282588,李佳芬原反對韓選總統？林佳新爆關鍵轉折 竟是因為。,http://mission-tw.com/mission/article/news/21358,1,密訊,176,反蔡英文聯盟－全國民怨嗆蔡總部
2275124,特朗普意欲欽點英國首相？英國政界集體怒回：請勿干涉內政,http://www.qiqi.world/show/198400,6,琦琦看新聞,12848,全球華人聯盟總主頁
2264950,林郁方初選勝出 網譏：林昶佐穩了,http://mission-tw.com/mission/article/news/21267,1,密訊,13014,幹譙民進黨
2282186,中國國產晶片「扛把子」突然宣布重大決定，力挺華為，14億國人稱讚,http://www.i77.today/show/187596,5,琦琦看新聞,4393,全球華人盛世聯盟
2278065,感動千萬人！晉5179漁船加大油門直撞日軍艦，中國疆土一寸不讓！,http://www.qiqi.world/show/198882,6,琦琦看新聞,12702,全球華人鐵血聯盟
2278065,感動千萬人！晉5179漁船加大油門直撞日軍艦，中國疆土一寸不讓！,http://www.qiqi.world/show/198882,6,琦琦看新聞,12704,全球華人軍事聯盟
2267709,蔡英文砸45億蓋電網解決缺電 地點卻讓網友哭慘了 | HSSSZN 讚新聞,https://hssszn.com/archives/63811,4,讚新聞,8493,Hssszn 讚新聞
2277588,勇敢面對一切，從不輕易掉眼淚的星座,http://www.fafa01.com/post946394,2,看頭條,9640,【ღ 摩羯座 ღ】
2269901,2019年女生「標準體重」對比表！　也許你根本不胖，別傻傻減肥啦～,http://mission-tw.com/mission/article/life/1148,1,密訊,4081,芒果新聞台
2269901,2019年女生「標準體重」對比表！　也許你根本不胖，別傻傻減肥啦～,http://mission-tw.com/mission/article/life/1148,1,密訊,12665,旅行‧電影‧愛音樂
2269901,2019年女生「標準體重」對比表！　也許你根本不胖，別傻傻減肥啦～,http://mission-tw.com/mission/article/life/1148,1,密訊,4999,走，一起去看世界！
2273239,王金平大動作不參加初選 蔡詩萍驚爆下一步！,http://mission-tw.com/mission/article/news/21376,1,密訊,196,青天白日正義力量
2273239,王金平大動作不參加初選 蔡詩萍驚爆下一步！,http://mission-tw.com/mission/article/news/21376,1,密訊,13014,幹譙民進黨
2273239,王金平大動作不參加初選 蔡詩萍驚爆下一步！,http://mission-tw.com/mission/article/news/21376,1,密訊,176,反蔡英文聯盟－全國民怨嗆蔡總部
2268583,正式反擊！美國步步緊逼之際，中國揮出兩記重拳，不給美餘地,http://www.77s.today/show/198666,3,琦琦看新聞,4392,天南地北
2266057,6/5停電》天母今晨大停電 | 彰化市晚間大停電 2千住戶摸黑吃飯,https://nooho.net/2019/06/DPPfraud21991/,9,怒吼,10897,蔡英文下台罪狀集結總部
2277663,韓國瑜凌晨發結業感言 16字酸前朝,http://mission-tw.com/mission/article/news/21405,1,密訊,9406,大中華大平台
2267949,她PO網求助「馬桶驚見一堆扭曲紅色生物」用鹽酸都處理不了！專業網友：跟所有住戶都有關！,http://mission-tw.com/mission/article/life/1006,1,密訊,12517,人生正能量
2267949,她PO網求助「馬桶驚見一堆扭曲紅色生物」用鹽酸都處理不了！專業網友：跟所有住戶都有關！,http://mission-tw.com/mission/article/life/1006,1,密訊,4654,讚能量生活報
2267949,她PO網求助「馬桶驚見一堆扭曲紅色生物」用鹽酸都處理不了！專業網友：跟所有住戶都有關！,http://mission-tw.com/mission/article/life/1006,1,密訊,11319,人生笑著走
2267949,她PO網求助「馬桶驚見一堆扭曲紅色生物」用鹽酸都處理不了！專業網友：跟所有住戶都有關！,http://mission-tw.com/mission/article/life/1006,1,密訊,4999,走，一起去看世界！
2276643,棄綠投韓！深綠家庭被韓國瑜感動 !!,http://mission-tw.com/mission/article/news/21378,1,密訊,196,青天白日正義力量
2276643,棄綠投韓！深綠家庭被韓國瑜感動 !!,http://mission-tw.com/mission/article/news/21378,1,密訊,176,反蔡英文聯盟－全國民怨嗆蔡總部
2283998,韓粉湧入花蓮市區 東大門夜市豎旗「挺韓到底」,https://www.taiwan-politicalnews.com/%e9%9f%93%e7%b2%89%e6%b9%a7%e5%85%a5%e8%8a%b1%e8%93%ae%e5%b8%82%e5%8d%80-%e6%9d%b1%e5%a4%a7%e9%96%80%e5%a4%9c%e5%b8%82%e8%b1%8e%e6%97%97%e3%80%8c%e6%8c%ba%e9%9f%93%e5%88%b0%e5%ba%95%e3%80%8d/,7,鬼島狂新聞,141,守護台灣聯盟
2281750,突發！歐洲除烏克蘭，又有一國曝亂，現兩派已經叨劍相對,http://www.qiqi.world/show/199065,6,琦琦看新聞,12704,全球華人軍事聯盟
2281750,突發！歐洲除烏克蘭，又有一國曝亂，現兩派已經叨劍相對,http://www.qiqi.world/show/199065,6,琦琦看新聞,12702,全球華人鐵血聯盟
2274038,若連任 蔡英文承諾：將台灣發展成福利最好國家 | HSSSZN 讚新聞,https://hssszn.com/archives/63848,4,讚新聞,8493,Hssszn 讚新聞
2260449,八萬工程師接緊急命令徹夜加班！白宮：求放過,http://www.qiqi.world/show/198463,6,琦琦看新聞,11548,全球華人資訊聯盟
2265846,普京發威！俄戰機組團&quot;圍堵&quot;北約，特朗普苦惱，英國卻第一個遭劫,http://www.77s.today/show/198667,3,琦琦看新聞,4393,全球華人盛世聯盟
2265846,普京發威！俄戰機組團&quot;圍堵&quot;北約，特朗普苦惱，英國卻第一個遭劫,http://www.77s.today/show/198667,3,琦琦看新聞,12704,全球華人軍事聯盟
2277662,為何死命挺韓？學者：工具人大反撲 ~,http://mission-tw.com/mission/article/news/21429,1,密訊,9406,大中華大平台
2280101,55年古蹟「礁溪天主堂」遭拆半毀 竟只能開罰3千元 | HSSSZN 讚新聞,https://hssszn.com/archives/63897,4,讚新聞,8493,Hssszn 讚新聞
2274229,做事注重細節的4個星座男，心思細膩，是真暖男,http://www.fafa01.com/post948327,2,看頭條,9640,【ღ 摩羯座 ღ】
2280105,最新民調：「三腳督」韓國瑜不管怎樣都贏蔡柯賴 | HSSSZN 讚新聞,https://hssszn.com/archives/63877,4,讚新聞,8493,Hssszn 讚新聞
2277928,大翻盤！美國剛剛傳來，特朗普的大麻煩來了！,http://www.77s.today/show/198937,3,琦琦看新聞,12848,全球華人聯盟總主頁
2277928,大翻盤！美國剛剛傳來，特朗普的大麻煩來了！,http://www.77s.today/show/198937,3,琦琦看新聞,4393,全球華人盛世聯盟
2277928,大翻盤！美國剛剛傳來，特朗普的大麻煩來了！,http://www.77s.today/show/198937,3,琦琦看新聞,4392,天南地北
2280745,韓黑尋找同溫層！網勸：凱道空拍才是現實,http://mission-tw.com/mission/article/news/21473,1,密訊,5114,反民進黨粉絲團
2280745,韓黑尋找同溫層！網勸：凱道空拍才是現實,http://mission-tw.com/mission/article/news/21473,1,密訊,4121,民間大小事
2280094,沈富雄示範「2種手抖」稱阿扁屬於第3種 網笑翻 | HSSSZN 讚新聞,https://hssszn.com/archives/63932,4,讚新聞,8493,Hssszn 讚新聞
756320,貓咪對男主人和女主人的差別，這大概就是男人不能養貓的原因,http://www.fafa01.com/post811442,2,看頭條,1280,貓貓最可愛我超愛！
756320,貓咪對男主人和女主人的差別，這大概就是男人不能養貓的原因,http://www.fafa01.com/post811442,2,看頭條,4375,萌寵小天使
2280379,如果親人意外去世，銀行裡的存款如何取出來？請記住關鍵一步,http://mission-tw.com/mission/article/life/1193,1,密訊,11319,人生笑著走
2280379,如果親人意外去世，銀行裡的存款如何取出來？請記住關鍵一步,http://mission-tw.com/mission/article/life/1193,1,密訊,4999,走，一起去看世界！
2280379,如果親人意外去世，銀行裡的存款如何取出來？請記住關鍵一步,http://mission-tw.com/mission/article/life/1193,1,密訊,12517,人生正能量
2280379,如果親人意外去世，銀行裡的存款如何取出來？請記住關鍵一步,http://mission-tw.com/mission/article/life/1193,1,密訊,4654,讚能量生活報
2280380,不想洗腎就別亂吃，記得做到「飯後一不要」、「睡前二不要」,http://mission-tw.com/mission/article/life/1194,1,密訊,4654,讚能量生活報
2280380,不想洗腎就別亂吃，記得做到「飯後一不要」、「睡前二不要」,http://mission-tw.com/mission/article/life/1194,1,密訊,12517,人生正能量
2280380,不想洗腎就別亂吃，記得做到「飯後一不要」、「睡前二不要」,http://mission-tw.com/mission/article/life/1194,1,密訊,11319,人生笑著走
2280380,不想洗腎就別亂吃，記得做到「飯後一不要」、「睡前二不要」,http://mission-tw.com/mission/article/life/1194,1,密訊,4999,走，一起去看世界！
2280102,館長選立委？超過8成網友支持 還有人勸選總統 | HSSSZN 讚新聞,https://hssszn.com/archives/63888,4,讚新聞,8493,Hssszn 讚新聞
2282449,驕傲！華為鴻蒙比安卓快60％，速度吊打蘋果，谷歌「後悔」了！,http://www.qiqi.world/show/198875,6,琦琦看新聞,4392,天南地北
2267502,濟公保佑：生肖兔在端午節，容易「發暗財」，數錢數到手抽筋,http://www.fafa01.com/post960704,2,看頭條,13026,按贊福氣到
2273155,高雄議會閉幕了！韓國瑜專程出席稱讚議員高水準。民進黨總召韓賜村開心並表示擔憂！下個會期（9月）無法質詢韓國瑜，引發一片笑聲！！,http://mission-tw.com/mission/article/news/21316,1,密訊,196,青天白日正義力量
2273155,高雄議會閉幕了！韓國瑜專程出席稱讚議員高水準。民進黨總召韓賜村開心並表示擔憂！下個會期（9月）無法質詢韓國瑜，引發一片笑聲！！,http://mission-tw.com/mission/article/news/21316,1,密訊,176,反蔡英文聯盟－全國民怨嗆蔡總部
2280097,委外清運多次流標 蘭嶼綠島垃圾堆成山 | HSSSZN 讚新聞,https://hssszn.com/archives/63923,4,讚新聞,8493,Hssszn 讚新聞
2273860,王金平宣布：不參加初選  韓國瑜3點聲明回應,http://mission-tw.com/mission/article/news/21374,1,密訊,9406,大中華大平台
2273157,為何挺韓選總統？ 李珮菁五字總結 拍手叫好,http://mission-tw.com/mission/article/news/21325,1,密訊,196,青天白日正義力量
2273157,為何挺韓選總統？ 李珮菁五字總結 拍手叫好,http://mission-tw.com/mission/article/news/21325,1,密訊,176,反蔡英文聯盟－全國民怨嗆蔡總部
2278042,小六閩南語課本教唸李白詩 母：看完開始懷疑人生,https://nooho.net/2019/06/DPPfraud22056/,9,怒吼,10897,蔡英文下台罪狀集結總部
2280100,槓潘孟安 黃國昌勘惡臭養雞場 上百鄉民怒罵「屏東沒縣長」 | HSSSZN 讚新聞,https://hssszn.com/archives/63901,4,讚新聞,8493,Hssszn 讚新聞
2263435,今天，華為迎來轉折，絕對實力說話！,http://www.77s.today/show/198505,3,琦琦看新聞,4392,天南地北
2263435,今天，華為迎來轉折，絕對實力說話！,http://www.77s.today/show/198505,3,琦琦看新聞,4393,全球華人盛世聯盟
2280384,趙敏、周芷若20年後美豔依舊，而異域風情的小昭卻滿臉尷尬認不出來,http://mission-tw.com/mission/article/fun/806,1,密訊,4999,走，一起去看世界！
2280384,趙敏、周芷若20年後美豔依舊，而異域風情的小昭卻滿臉尷尬認不出來,http://mission-tw.com/mission/article/fun/806,1,密訊,11319,人生笑著走
2280384,趙敏、周芷若20年後美豔依舊，而異域風情的小昭卻滿臉尷尬認不出來,http://mission-tw.com/mission/article/fun/806,1,密訊,4654,讚能量生活報
2280384,趙敏、周芷若20年後美豔依舊，而異域風情的小昭卻滿臉尷尬認不出來,http://mission-tw.com/mission/article/fun/806,1,密訊,12517,人生正能量
756318,主人死後寵物犬被困屋內一年，被救出時3公斤的毛盔甲讓人心酸,http://www.fafa01.com/post811448,2,看頭條,4375,萌寵小天使
756318,主人死後寵物犬被困屋內一年，被救出時3公斤的毛盔甲讓人心酸,http://www.fafa01.com/post811448,2,看頭條,1280,貓貓最可愛我超愛！
2263296,蔡陣營民調曝光！  韓還是穩居第一,http://mission-tw.com/mission/article/news/21252,1,密訊,4121,民間大小事
2263296,蔡陣營民調曝光！  韓還是穩居第一,http://mission-tw.com/mission/article/news/21252,1,密訊,5114,反民進黨粉絲團
2264437,中國接連出招，布下天羅地網，美國上鉤了！,http://www.qiqi.world/show/198571,6,琦琦看新聞,10900,琦琦看新聞
2277908,美國突傳一個大醜聞！臭不可聞，世界譁然,http://www.qiqi.world/show/198872,6,琦琦看新聞,12848,全球華人聯盟總主頁
2277908,美國突傳一個大醜聞！臭不可聞，世界譁然,http://www.qiqi.world/show/198872,6,琦琦看新聞,4392,天南地北
756323,喵星人做完絕育接回家  聽到主人叫它后直接爆發: 你還有臉叫我?,http://www.fafa01.com/post810975,2,看頭條,1280,貓貓最可愛我超愛！
756323,喵星人做完絕育接回家  聽到主人叫它后直接爆發: 你還有臉叫我?,http://www.fafa01.com/post810975,2,看頭條,4375,萌寵小天使
2266059,台電線路故障 桃市大園、中壢部份地區停電,https://nooho.net/2019/06/DPPfraud21980/,9,怒吼,10897,蔡英文下台罪狀集結總部
808203,兩隻小貓最愛在電熱毯睡覺，但一年後的樣子好好笑,http://www.fafa01.com/post814771,2,看頭條,1280,貓貓最可愛我超愛！
808203,兩隻小貓最愛在電熱毯睡覺，但一年後的樣子好好笑,http://www.fafa01.com/post814771,2,看頭條,4375,萌寵小天使
2281479,疫情延燒！醫師轟韓國瑜「不懂登革熱」：還懂什麼高雄？,http://mission-tw.com/mission/article/news/21461,1,密訊,9570,反綠救國人人有責
2273141,這8種「房子」千萬不要買！房仲「沒說」，你「沒問」，買了要後悔,http://mission-tw.com/mission/article/test/1785,1,密訊,12517,人生正能量
2273141,這8種「房子」千萬不要買！房仲「沒說」，你「沒問」，買了要後悔,http://mission-tw.com/mission/article/test/1785,1,密訊,4654,讚能量生活報
2273141,這8種「房子」千萬不要買！房仲「沒說」，你「沒問」，買了要後悔,http://mission-tw.com/mission/article/test/1785,1,密訊,11319,人生笑著走
2273141,這8種「房子」千萬不要買！房仲「沒說」，你「沒問」，買了要後悔,http://mission-tw.com/mission/article/test/1785,1,密訊,4081,芒果新聞台
2273141,這8種「房子」千萬不要買！房仲「沒說」，你「沒問」，買了要後悔,http://mission-tw.com/mission/article/test/1785,1,密訊,12665,旅行‧電影‧愛音樂
2273141,這8種「房子」千萬不要買！房仲「沒說」，你「沒問」，買了要後悔,http://mission-tw.com/mission/article/test/1785,1,密訊,4999,走，一起去看世界！
2263434,剛剛，華為再放重磅炸彈，美國股市血流成河！,http://www.i77.today/show/187343,5,琦琦看新聞,12703,全球華人歷史文化聯盟
2263434,剛剛，華為再放重磅炸彈，美國股市血流成河！,http://www.i77.today/show/187343,5,琦琦看新聞,11548,全球華人資訊聯盟
2263434,剛剛，華為再放重磅炸彈，美國股市血流成河！,http://www.i77.today/show/187343,5,琦琦看新聞,4393,全球華人盛世聯盟
2263434,剛剛，華為再放重磅炸彈，美國股市血流成河！,http://www.i77.today/show/187343,5,琦琦看新聞,10900,琦琦看新聞
2279232,韓國瑜「危險了」？ 王浩宇指「年輕、農民選票」萎縮流失,https://www.taiwan-politicalnews.com/%e9%9f%93%e5%9c%8b%e7%91%9c%e3%80%8c%e5%8d%b1%e9%9a%aa%e4%ba%86%e3%80%8d%ef%bc%9f-%e7%8e%8b%e6%b5%a9%e5%ae%87%e6%8c%87%e3%80%8c%e5%b9%b4%e8%bc%95%e3%80%81%e8%be%b2%e6%b0%91%e9%81%b8%e7%a5%a8%e3%80%8d/,7,鬼島狂新聞,9426,鬼島亂爆
2279232,韓國瑜「危險了」？ 王浩宇指「年輕、農民選票」萎縮流失,https://www.taiwan-politicalnews.com/%e9%9f%93%e5%9c%8b%e7%91%9c%e3%80%8c%e5%8d%b1%e9%9a%aa%e4%ba%86%e3%80%8d%ef%bc%9f-%e7%8e%8b%e6%b5%a9%e5%ae%87%e6%8c%87%e3%80%8c%e5%b9%b4%e8%bc%95%e3%80%81%e8%be%b2%e6%b0%91%e9%81%b8%e7%a5%a8%e3%80%8d/,7,鬼島狂新聞,141,守護台灣聯盟
2279232,韓國瑜「危險了」？ 王浩宇指「年輕、農民選票」萎縮流失,https://www.taiwan-politicalnews.com/%e9%9f%93%e5%9c%8b%e7%91%9c%e3%80%8c%e5%8d%b1%e9%9a%aa%e4%ba%86%e3%80%8d%ef%bc%9f-%e7%8e%8b%e6%b5%a9%e5%ae%87%e6%8c%87%e3%80%8c%e5%b9%b4%e8%bc%95%e3%80%81%e8%be%b2%e6%b0%91%e9%81%b8%e7%a5%a8%e3%80%8d/,7,鬼島狂新聞,9368,鬼島狂新聞
2263292,317陳菊抱賴清德  「三八兄弟，我沒挺你要挺誰？」,http://mission-tw.com/mission/article/news/21255,1,密訊,5114,反民進黨粉絲團
2263292,317陳菊抱賴清德  「三八兄弟，我沒挺你要挺誰？」,http://mission-tw.com/mission/article/news/21255,1,密訊,4121,民間大小事
2282140,延續凱道40萬人氣勢 花蓮不落人後,http://mission-tw.com/mission/article/news/21458,1,密訊,9406,大中華大平台
2273831,不爽這位綠議員!!    熊海靈：花蓮一定要爆棚,http://mission-tw.com/mission/article/news/21393,1,密訊,9406,大中華大平台
2273831,不爽這位綠議員!!    熊海靈：花蓮一定要爆棚,http://mission-tw.com/mission/article/news/21393,1,密訊,5114,反民進黨粉絲團
2273831,不爽這位綠議員!!    熊海靈：花蓮一定要爆棚,http://mission-tw.com/mission/article/news/21393,1,密訊,196,青天白日正義力量
2273831,不爽這位綠議員!!    熊海靈：花蓮一定要爆棚,http://mission-tw.com/mission/article/news/21393,1,密訊,4121,民間大小事
2273831,不爽這位綠議員!!    熊海靈：花蓮一定要爆棚,http://mission-tw.com/mission/article/news/21393,1,密訊,176,反蔡英文聯盟－全國民怨嗆蔡總部
1181188,牙膏泡腳太厲害了，解決了很多人的煩惱，回家趕快試一試吧,http://www.fafa01.com/post845530,2,看頭條,4727,爱烘培，爱料理，爱健康
1181188,牙膏泡腳太厲害了，解決了很多人的煩惱，回家趕快試一試吧,http://www.fafa01.com/post845530,2,看頭條,4727,爱烘培，爱料理，爱健康
1181188,牙膏泡腳太厲害了，解決了很多人的煩惱，回家趕快試一試吧,http://www.fafa01.com/post845530,2,看頭條,11124,臉書航空站
2262419,去幫忙照顧孫子　兒媳吃飯沒等我　走進廚房我老淚縱橫,http://mission-tw.com/mission/article/life/1097,1,密訊,4654,讚能量生活報
2262419,去幫忙照顧孫子　兒媳吃飯沒等我　走進廚房我老淚縱橫,http://mission-tw.com/mission/article/life/1097,1,密訊,12665,旅行‧電影‧愛音樂
2262419,去幫忙照顧孫子　兒媳吃飯沒等我　走進廚房我老淚縱橫,http://mission-tw.com/mission/article/life/1097,1,密訊,11319,人生笑著走
2262419,去幫忙照顧孫子　兒媳吃飯沒等我　走進廚房我老淚縱橫,http://mission-tw.com/mission/article/life/1097,1,密訊,12517,人生正能量
2262419,去幫忙照顧孫子　兒媳吃飯沒等我　走進廚房我老淚縱橫,http://mission-tw.com/mission/article/life/1097,1,密訊,4081,芒果新聞台
2262419,去幫忙照顧孫子　兒媳吃飯沒等我　走進廚房我老淚縱橫,http://mission-tw.com/mission/article/life/1097,1,密訊,4999,走，一起去看世界！
2275965,特朗普背後真正「大佬」是他們 暗中部署雷射武器攔中俄飛彈？,http://www.77s.today/show/198859,3,琦琦看新聞,12702,全球華人鐵血聯盟
2259027,石虎保育條例闖關失敗 民眾怒：一堆垃圾！為了經濟 啥的蠢事都做得出來 | HSSSZN 讚新聞,https://hssszn.com/archives/63778,4,讚新聞,3019,黑特來了
2259953,怪不得你總是口乾、嘴破、全身痛，原來身體缺乏這些「營養素」,http://mission-tw.com/mission/article/life/1064,1,密訊,4654,讚能量生活報
2259953,怪不得你總是口乾、嘴破、全身痛，原來身體缺乏這些「營養素」,http://mission-tw.com/mission/article/life/1064,1,密訊,12517,人生正能量
2264983,誰說年輕人不挺韓？正妹現身狂打臉 網路爆紅,http://mission-tw.com/mission/article/news/21263,1,密訊,196,青天白日正義力量
2264983,誰說年輕人不挺韓？正妹現身狂打臉 網路爆紅,http://mission-tw.com/mission/article/news/21263,1,密訊,9406,大中華大平台
2264983,誰說年輕人不挺韓？正妹現身狂打臉 網路爆紅,http://mission-tw.com/mission/article/news/21263,1,密訊,176,反蔡英文聯盟－全國民怨嗆蔡總部
2266641,男子在家吃飯時，貓坐在沙發上盯著他看，喵：你忍心不給我吃一口？,http://www.fafa01.com/post960597,2,看頭條,4375,萌寵小天使
2266641,男子在家吃飯時，貓坐在沙發上盯著他看，喵：你忍心不給我吃一口？,http://www.fafa01.com/post960597,2,看頭條,1280,貓貓最可愛我超愛！
2284052,林佳龍20元廚餘桶用103元做97萬個 議員問：8000萬利潤誰賺走了？,http://mission-tw.com/mission/article/news/21510,1,密訊,10847,討厭民進黨
2254480,被世界衛生組織拉入黑名單的3種蔬菜，若你還在吃，儘量改改吧,http://mission-tw.com/mission/article/life/1043,1,密訊,12517,人生正能量
2270634,兒子重病媳婦智力不足…80歲嬤每天陪身障孫上學「校門口等8小時」盼他長大養活自己：我真的不敢老,http://mission-tw.com/mission/article/life/1154,1,密訊,4999,走，一起去看世界！
2270634,兒子重病媳婦智力不足…80歲嬤每天陪身障孫上學「校門口等8小時」盼他長大養活自己：我真的不敢老,http://mission-tw.com/mission/article/life/1154,1,密訊,12517,人生正能量
2270634,兒子重病媳婦智力不足…80歲嬤每天陪身障孫上學「校門口等8小時」盼他長大養活自己：我真的不敢老,http://mission-tw.com/mission/article/life/1154,1,密訊,11319,人生笑著走
2270634,兒子重病媳婦智力不足…80歲嬤每天陪身障孫上學「校門口等8小時」盼他長大養活自己：我真的不敢老,http://mission-tw.com/mission/article/life/1154,1,密訊,12665,旅行‧電影‧愛音樂
2270634,兒子重病媳婦智力不足…80歲嬤每天陪身障孫上學「校門口等8小時」盼他長大養活自己：我真的不敢老,http://mission-tw.com/mission/article/life/1154,1,密訊,4654,讚能量生活報
2270634,兒子重病媳婦智力不足…80歲嬤每天陪身障孫上學「校門口等8小時」盼他長大養活自己：我真的不敢老,http://mission-tw.com/mission/article/life/1154,1,密訊,4081,芒果新聞台
2282141,韓國瑜花蓮造勢活動  韓粉疾呼：開場先唱這兩首歌,http://mission-tw.com/mission/article/news/21443,1,密訊,9406,大中華大平台
2254372,綠營猛批韓國瑜!    他說只會凝聚更多選票,http://mission-tw.com/mission/article/news/21191,1,密訊,196,青天白日正義力量
2254372,綠營猛批韓國瑜!    他說只會凝聚更多選票,http://mission-tw.com/mission/article/news/21191,1,密訊,176,反蔡英文聯盟－全國民怨嗆蔡總部
2280104,林志玲閃嫁日本歌手 蔡英文笑：台灣男生抱歉啦！要自立自強 | HSSSZN 讚新聞,https://hssszn.com/archives/63882,4,讚新聞,8493,Hssszn 讚新聞
2274751,銀手鐲可以「養人」，吸身體的「毒素」？專家給出了真相，值得看,http://www.fafa01.com/post961196,2,看頭條,4727,爱烘培，爱料理，爱健康
2283264,韓粉有多厲害？看看花蓮狀況就知道！,http://mission-tw.com/mission/article/news/21417,1,密訊,196,青天白日正義力量
1532690,土銀被慶富倒5億受償才1萬？ 黃國昌痛批：開玩笑嗎？,https://hssszn.com/archives/58807,4,讚新聞,8493,Hssszn 讚新聞
2269837,日本人：25個國家侵略過中國，為什麼中國人好像只記著日本？,http://www.i77.today/show/187597,5,琦琦看新聞,4393,全球華人盛世聯盟
2269837,日本人：25個國家侵略過中國，為什麼中國人好像只記著日本？,http://www.i77.today/show/187597,5,琦琦看新聞,11548,全球華人資訊聯盟
2269837,日本人：25個國家侵略過中國，為什麼中國人好像只記著日本？,http://www.i77.today/show/187597,5,琦琦看新聞,12848,全球華人聯盟總主頁
2269837,日本人：25個國家侵略過中國，為什麼中國人好像只記著日本？,http://www.i77.today/show/187597,5,琦琦看新聞,12703,全球華人歷史文化聯盟
2269837,日本人：25個國家侵略過中國，為什麼中國人好像只記著日本？,http://www.i77.today/show/187597,5,琦琦看新聞,4392,天南地北
2279934,感激賴主張特赦 阿扁酸：不像有人忘了特赦是總統的特權 | HSSSZN 讚新聞,https://hssszn.com/archives/63936,4,讚新聞,8493,Hssszn 讚新聞
2279934,感激賴主張特赦 阿扁酸：不像有人忘了特赦是總統的特權 | HSSSZN 讚新聞,https://hssszn.com/archives/63936,4,讚新聞,10886,昏官惡狼圍剿社團²
2267462,中國出台黑名單，特朗普現在心急如焚！,http://www.i77.today/show/187495,5,琦琦看新聞,10900,琦琦看新聞
2282446,「火星男孩」再爆猛料地球將在2020年遇到巨大災難！,http://www.qiqi.world/show/199052,6,琦琦看新聞,4392,天南地北
2282446,「火星男孩」再爆猛料地球將在2020年遇到巨大災難！,http://www.qiqi.world/show/199052,6,琦琦看新聞,12848,全球華人聯盟總主頁
2275485,普京：想來參加世界盃？不好意思，請先承認台灣是中國的！,http://www.qiqi.world/show/198450,6,琦琦看新聞,11548,全球華人資訊聯盟
2267223,台索邦交百日決斷   外交部火速聲明,http://mission-tw.com/mission/article/news/21313,1,密訊,5114,反民進黨粉絲團
2267223,台索邦交百日決斷   外交部火速聲明,http://mission-tw.com/mission/article/news/21313,1,密訊,4121,民間大小事
2274243,性格堅韌的4個星座，野心都不小，容易走上成功之路,http://www.fafa01.com/post952199,2,看頭條,9640,【ღ 摩羯座 ღ】
2274243,性格堅韌的4個星座，野心都不小，容易走上成功之路,http://www.fafa01.com/post952199,2,看頭條,9640,【ღ 摩羯座 ღ】
2272512,看見小貓不停哭泣，金漸層一臉委屈：是我親生的嗎？,http://www.fafa01.com/post961242,2,看頭條,1280,貓貓最可愛我超愛！
2272512,看見小貓不停哭泣，金漸層一臉委屈：是我親生的嗎？,http://www.fafa01.com/post961242,2,看頭條,4375,萌寵小天使
2256787,影片／韓轟高雄欠3千億非我借  陳菊:心裡「甘苦」,http://mission-tw.com/mission/article/news/21199,1,密訊,176,反蔡英文聯盟－全國民怨嗆蔡總部
2256787,影片／韓轟高雄欠3千億非我借  陳菊:心裡「甘苦」,http://mission-tw.com/mission/article/news/21199,1,密訊,196,青天白日正義力量
2263956,慘！綠營猛批韓國瑜  他預言明年立委選舉慘況,http://mission-tw.com/mission/article/news/21176,1,密訊,196,青天白日正義力量
2263956,慘！綠營猛批韓國瑜  他預言明年立委選舉慘況,http://mission-tw.com/mission/article/news/21176,1,密訊,176,反蔡英文聯盟－全國民怨嗆蔡總部
2277150,館長露玄機要參選？網暴動：快去扁立委！,http://mission-tw.com/mission/article/news/21432,1,密訊,9777,靠北時事
2277150,館長露玄機要參選？網暴動：快去扁立委！,http://mission-tw.com/mission/article/news/21432,1,密訊,13763,文青工作會
2277150,館長露玄機要參選？網暴動：快去扁立委！,http://mission-tw.com/mission/article/news/21432,1,密訊,9778,靠北民進黨
2277150,館長露玄機要參選？網暴動：快去扁立委！,http://mission-tw.com/mission/article/news/21432,1,密訊,1487,靠北民進黨
2277150,館長露玄機要參選？網暴動：快去扁立委！,http://mission-tw.com/mission/article/news/21432,1,密訊,6275,罷免民進黨
2277150,館長露玄機要參選？網暴動：快去扁立委！,http://mission-tw.com/mission/article/news/21432,1,密訊,10847,討厭民進黨
2277150,館長露玄機要參選？網暴動：快去扁立委！,http://mission-tw.com/mission/article/news/21432,1,密訊,196,青天白日正義力量
2277150,館長露玄機要參選？網暴動：快去扁立委！,http://mission-tw.com/mission/article/news/21432,1,密訊,4119,藍色正義力量
2273557,加航出手了！中國女留學生慘遭「永久禁飛」，$1.8萬罰款從天而降！,http://www.i77.today/show/187668,5,琦琦看新聞,10900,琦琦看新聞
2269489,拒絕任何曖昧！這些星座愛了就是「深愛」，絕對沒有「備胎」！,http://mission-tw.com/mission/article/test/1725,1,密訊,12665,旅行‧電影‧愛音樂
2269489,拒絕任何曖昧！這些星座愛了就是「深愛」，絕對沒有「備胎」！,http://mission-tw.com/mission/article/test/1725,1,密訊,4081,芒果新聞台
2269489,拒絕任何曖昧！這些星座愛了就是「深愛」，絕對沒有「備胎」！,http://mission-tw.com/mission/article/test/1725,1,密訊,11319,人生笑著走
2269489,拒絕任何曖昧！這些星座愛了就是「深愛」，絕對沒有「備胎」！,http://mission-tw.com/mission/article/test/1725,1,密訊,4999,走，一起去看世界！
2275436,台灣政壇之恥！徐永明批：韓國瑜把選舉當生意「狠心又殘忍」,http://mission-tw.com/mission/article/news/21395,1,密訊,9570,反綠救國人人有責
2281756,影／ 麥克風又忘了關！鄭麗文無意透漏「趙少康是郭台銘選舉幕僚？」,http://mission-tw.com/mission/article/news/21457,1,密訊,13014,幹譙民進黨
2259797,退將吳斯懷提醒韓國瑜：不該放任「非韓不投」，分裂的藍軍只會敗陣,http://mission-tw.com/mission/article/news/21211,1,密訊,176,反蔡英文聯盟－全國民怨嗆蔡總部
2259797,退將吳斯懷提醒韓國瑜：不該放任「非韓不投」，分裂的藍軍只會敗陣,http://mission-tw.com/mission/article/news/21211,1,密訊,196,青天白日正義力量
2260934,眼睛早花，視力下降，一碗湯輔助通血管、養五臟、溶血栓，便宜又有效,http://www.fafa01.com/post952610,2,看頭條,4727,爱烘培，爱料理，爱健康
2270412,華為曝光鴻蒙系統介面，速度太快嚇懵谷歌，網友：就是這麼強悍！,http://www.qiqi.world/show/198812,6,琦琦看新聞,4392,天南地北
2270412,華為曝光鴻蒙系統介面，速度太快嚇懵谷歌，網友：就是這麼強悍！,http://www.qiqi.world/show/198812,6,琦琦看新聞,12848,全球華人聯盟總主頁
2267501,家裡有7月出生的，不管是陰歷還是陽歷的，只要是在7月份，端午節馬上就要走大運,http://www.fafa01.com/post961062,2,看頭條,13026,按贊福氣到
2280325,2019年端午節開運法！八招讓你旺一整年,http://www.fafa01.com/post961996,2,看頭條,13026,按贊福氣到
2274031,誰家有生肖羊就賺了！六月「喜從八方來」攔都攔不住！,http://www.fafa01.com/post953727,2,看頭條,13026,按贊福氣到
2279441,臺灣人都愛喝的國民飲料，竟是大腸癌幫兇？,http://mission-tw.com/mission/article/life/1167,1,密訊,4654,讚能量生活報
2279441,臺灣人都愛喝的國民飲料，竟是大腸癌幫兇？,http://mission-tw.com/mission/article/life/1167,1,密訊,12517,人生正能量
2279441,臺灣人都愛喝的國民飲料，竟是大腸癌幫兇？,http://mission-tw.com/mission/article/life/1167,1,密訊,11319,人生笑著走
2279441,臺灣人都愛喝的國民飲料，竟是大腸癌幫兇？,http://mission-tw.com/mission/article/life/1167,1,密訊,4999,走，一起去看世界！
2279441,臺灣人都愛喝的國民飲料，竟是大腸癌幫兇？,http://mission-tw.com/mission/article/life/1167,1,密訊,12665,旅行‧電影‧愛音樂
2279441,臺灣人都愛喝的國民飲料，竟是大腸癌幫兇？,http://mission-tw.com/mission/article/life/1167,1,密訊,4081,芒果新聞台
801625,貓咪強行霸佔主人食物，結果被主人掛在了門上，笑噴了,http://www.fafa01.com/post814027,2,看頭條,4375,萌寵小天使
801625,貓咪強行霸佔主人食物，結果被主人掛在了門上，笑噴了,http://www.fafa01.com/post814027,2,看頭條,1280,貓貓最可愛我超愛！
2280324,你家裡人有屬龍的嗎，端午節請為他們轉發，*財旺一輩子*,http://www.fafa01.com/post962069,2,看頭條,13026,按贊福氣到
2272513,橘貓一臉憂鬱趴在沙發上，花貓調皮去逗弄它，三秒后悲劇了！,http://www.fafa01.com/post961237,2,看頭條,1280,貓貓最可愛我超愛！
2272513,橘貓一臉憂鬱趴在沙發上，花貓調皮去逗弄它，三秒后悲劇了！,http://www.fafa01.com/post961237,2,看頭條,4375,萌寵小天使
2260936,蚊子咬了腫一包奇癢難忍？越抓越癢，教你止癢方法，60秒後止癢去痕,http://www.fafa01.com/post960531,2,看頭條,4727,爱烘培，爱料理，爱健康
2266027,索羅門群島說話了！　外交部長：100天內決定是否斷交台灣,http://mission-tw.com/mission/article/news/21298,1,密訊,9570,反綠救國人人有責
2274036,全台最噁地在高雄 環團求韓處理 網驚：前朝在幹嘛 | HSSSZN 讚新聞,https://hssszn.com/archives/63863,4,讚新聞,8493,Hssszn 讚新聞
2278064,10萬伊朗軍進入陣地，B-52呼嘯掠過：美軍航母戰機起飛,http://www.cnba.live/show/187708,8,琦琦看新聞,12704,全球華人軍事聯盟
2261354,年改省180億？ 柯文哲酸：前瞻計畫幾千億這樣亂花 | HSSSZN 讚新聞,https://hssszn.com/archives/63784,4,讚新聞,8493,Hssszn 讚新聞
2279207,患上大腸癌的人，通常有三個共同點，希望你一個都沒有,http://mission-tw.com/mission/article/life/1168,1,密訊,4081,芒果新聞台
2279207,患上大腸癌的人，通常有三個共同點，希望你一個都沒有,http://mission-tw.com/mission/article/life/1168,1,密訊,4999,走，一起去看世界！
2279207,患上大腸癌的人，通常有三個共同點，希望你一個都沒有,http://mission-tw.com/mission/article/life/1168,1,密訊,11319,人生笑著走
2279207,患上大腸癌的人，通常有三個共同點，希望你一個都沒有,http://mission-tw.com/mission/article/life/1168,1,密訊,4654,讚能量生活報
2279207,患上大腸癌的人，通常有三個共同點，希望你一個都沒有,http://mission-tw.com/mission/article/life/1168,1,密訊,12517,人生正能量
2279207,患上大腸癌的人，通常有三個共同點，希望你一個都沒有,http://mission-tw.com/mission/article/life/1168,1,密訊,12665,旅行‧電影‧愛音樂
2279207,患上大腸癌的人，通常有三個共同點，希望你一個都沒有,http://mission-tw.com/mission/article/life/1168,1,密訊,4120,Gy娛樂看板
2277308,逆境時要相信：上天一定另有安排,http://mission-tw.com/mission/article/test/1786,1,密訊,4999,走，一起去看世界！
2277308,逆境時要相信：上天一定另有安排,http://mission-tw.com/mission/article/test/1786,1,密訊,12517,人生正能量
2277308,逆境時要相信：上天一定另有安排,http://mission-tw.com/mission/article/test/1786,1,密訊,4654,讚能量生活報
2277308,逆境時要相信：上天一定另有安排,http://mission-tw.com/mission/article/test/1786,1,密訊,11319,人生笑著走
2277308,逆境時要相信：上天一定另有安排,http://mission-tw.com/mission/article/test/1786,1,密訊,4081,芒果新聞台
2277308,逆境時要相信：上天一定另有安排,http://mission-tw.com/mission/article/test/1786,1,密訊,12665,旅行‧電影‧愛音樂
2262604,被小黃司機攔車嗆聲！館長準備「揍到滿臉血」　館嫂鎖喉阻止救司機一命,https://www.taiwan-politicalnews.com/%e8%a2%ab%e5%b0%8f%e9%bb%83%e5%8f%b8%e6%a9%9f%e6%94%94%e8%bb%8a%e5%97%86%e8%81%b2%ef%bc%81%e9%a4%a8%e9%95%b7%e6%ba%96%e5%82%99%e3%80%8c%e6%8f%8d%e5%88%b0%e6%bb%bf%e8%87%89%e8%a1%80%e3%80%8d%e3%80%80/,7,鬼島狂新聞,9426,鬼島亂爆
2262604,被小黃司機攔車嗆聲！館長準備「揍到滿臉血」　館嫂鎖喉阻止救司機一命,https://www.taiwan-politicalnews.com/%e8%a2%ab%e5%b0%8f%e9%bb%83%e5%8f%b8%e6%a9%9f%e6%94%94%e8%bb%8a%e5%97%86%e8%81%b2%ef%bc%81%e9%a4%a8%e9%95%b7%e6%ba%96%e5%82%99%e3%80%8c%e6%8f%8d%e5%88%b0%e6%bb%bf%e8%87%89%e8%a1%80%e3%80%8d%e3%80%80/,7,鬼島狂新聞,9368,鬼島狂新聞
2262604,被小黃司機攔車嗆聲！館長準備「揍到滿臉血」　館嫂鎖喉阻止救司機一命,https://www.taiwan-politicalnews.com/%e8%a2%ab%e5%b0%8f%e9%bb%83%e5%8f%b8%e6%a9%9f%e6%94%94%e8%bb%8a%e5%97%86%e8%81%b2%ef%bc%81%e9%a4%a8%e9%95%b7%e6%ba%96%e5%82%99%e3%80%8c%e6%8f%8d%e5%88%b0%e6%bb%bf%e8%87%89%e8%a1%80%e3%80%8d%e3%80%80/,7,鬼島狂新聞,141,守護台灣聯盟
756319,貓咪知道要去打針，拒絕的撕心裂肺，主人低頭一看瞬間笑噴了！,http://www.fafa01.com/post811447,2,看頭條,1280,貓貓最可愛我超愛！
756319,貓咪知道要去打針，拒絕的撕心裂肺，主人低頭一看瞬間笑噴了！,http://www.fafa01.com/post811447,2,看頭條,4375,萌寵小天使
2270895,香港人不吃不喝18年才買得到房，建築師打造「一間48萬水管屋」，內部「3坪客廳＋廚房＋浴室」，市民狂贊,http://mission-tw.com/mission/article/life/1152,1,密訊,4999,走，一起去看世界！
2270895,香港人不吃不喝18年才買得到房，建築師打造「一間48萬水管屋」，內部「3坪客廳＋廚房＋浴室」，市民狂贊,http://mission-tw.com/mission/article/life/1152,1,密訊,4081,芒果新聞台
2270895,香港人不吃不喝18年才買得到房，建築師打造「一間48萬水管屋」，內部「3坪客廳＋廚房＋浴室」，市民狂贊,http://mission-tw.com/mission/article/life/1152,1,密訊,11319,人生笑著走
2270895,香港人不吃不喝18年才買得到房，建築師打造「一間48萬水管屋」，內部「3坪客廳＋廚房＋浴室」，市民狂贊,http://mission-tw.com/mission/article/life/1152,1,密訊,12665,旅行‧電影‧愛音樂
2263959,韓國瑜民調難撼動 他揭六關鍵網狂讚爆紅！,http://mission-tw.com/mission/article/news/21155,1,密訊,196,青天白日正義力量
2263959,韓國瑜民調難撼動 他揭六關鍵網狂讚爆紅！,http://mission-tw.com/mission/article/news/21155,1,密訊,176,反蔡英文聯盟－全國民怨嗆蔡總部
2277098,你身邊有屬猴的人嗎？請為他們接福，屬猴的人都會好運的，今天開始好運一輩子,http://www.fafa01.com/post950342,2,看頭條,13026,按贊福氣到
2269492,非核家園的騙局，證明執政者的良心被狗啃了?,http://mission-tw.com/mission/article/news/21326,1,密訊,176,反蔡英文聯盟－全國民怨嗆蔡總部
2269492,非核家園的騙局，證明執政者的良心被狗啃了?,http://mission-tw.com/mission/article/news/21326,1,密訊,196,青天白日正義力量
2095831,自從學會杏鮑菇新吃法，我家餐桌上每天一盤，連吃一周還是饞,http://www.fafa01.com/post943899,2,看頭條,4727,爱烘培，爱料理，爱健康
2283525,王偉忠百坪豪宅曝光！和太太「分床不分房」夫妻老了像室友　享個人空間「浴室一人一間」把2女兒當客人,http://mission-tw.com/mission/article/fun/808,1,密訊,4999,走，一起去看世界！
2279444,早上愛吃煮雞蛋的人，長壽不會遠離你，但切記「2不」，早知早好。,http://mission-tw.com/mission/article/life/1165,1,密訊,4654,讚能量生活報
2279444,早上愛吃煮雞蛋的人，長壽不會遠離你，但切記「2不」，早知早好。,http://mission-tw.com/mission/article/life/1165,1,密訊,12517,人生正能量
2279444,早上愛吃煮雞蛋的人，長壽不會遠離你，但切記「2不」，早知早好。,http://mission-tw.com/mission/article/life/1165,1,密訊,4081,芒果新聞台
2279444,早上愛吃煮雞蛋的人，長壽不會遠離你，但切記「2不」，早知早好。,http://mission-tw.com/mission/article/life/1165,1,密訊,12665,旅行‧電影‧愛音樂
2279444,早上愛吃煮雞蛋的人，長壽不會遠離你，但切記「2不」，早知早好。,http://mission-tw.com/mission/article/life/1165,1,密訊,11319,人生笑著走
2279444,早上愛吃煮雞蛋的人，長壽不會遠離你，但切記「2不」，早知早好。,http://mission-tw.com/mission/article/life/1165,1,密訊,4999,走，一起去看世界！
2267704,新研究能提早30年診斷出阿茲海默症！ | HSSSZN 讚新聞,https://hssszn.com/archives/63825,4,讚新聞,8493,Hssszn 讚新聞
2267704,新研究能提早30年診斷出阿茲海默症！ | HSSSZN 讚新聞,https://hssszn.com/archives/63825,4,讚新聞,8494,祝福天天圍繞你
2270236,石虎寶寶又遭路殺！竟與保育條例被退回同日 | HSSSZN 讚新聞,https://hssszn.com/archives/63841,4,讚新聞,8493,Hssszn 讚新聞
2260376,韓擁40萬超高人氣 龍介曝關鍵原因,http://mission-tw.com/mission/article/news/21207,1,密訊,176,反蔡英文聯盟－全國民怨嗆蔡總部
2260376,韓擁40萬超高人氣 龍介曝關鍵原因,http://mission-tw.com/mission/article/news/21207,1,密訊,196,青天白日正義力量
2282590,憂初選被做掉？ 韓國瑜重申：寧乾淨輸、不骯髒贏,http://mission-tw.com/mission/article/news/21354,1,密訊,176,反蔡英文聯盟－全國民怨嗆蔡總部
2282590,憂初選被做掉？ 韓國瑜重申：寧乾淨輸、不骯髒贏,http://mission-tw.com/mission/article/news/21354,1,密訊,196,青天白日正義力量
2222273,喜從天降！泰反貪委宣布英拉無罪，民眾欣喜泰國迎來希望！,http://www.i77.today/show/186444,5,琦琦看新聞,12848,全球華人聯盟總主頁
2222273,喜從天降！泰反貪委宣布英拉無罪，民眾欣喜泰國迎來希望！,http://www.i77.today/show/186444,5,琦琦看新聞,4393,全球華人盛世聯盟
2279779,731部隊逃完慘相：一火車的日本人，被一個中國司機送上了黃泉路,http://www.i77.today/show/187791,5,琦琦看新聞,10900,琦琦看新聞
2272692,大批戰機直接猛轟首都，上百萬人連夜逃離家園，也給中國敲響警鐘,http://www.i77.today/show/187605,5,琦琦看新聞,10900,琦琦看新聞
2272692,大批戰機直接猛轟首都，上百萬人連夜逃離家園，也給中國敲響警鐘,http://www.i77.today/show/187605,5,琦琦看新聞,12704,全球華人軍事聯盟
2272692,大批戰機直接猛轟首都，上百萬人連夜逃離家園，也給中國敲響警鐘,http://www.i77.today/show/187605,5,琦琦看新聞,12702,全球華人鐵血聯盟
2263949,明星藝人借車出大事了，一夜欠債三千萬！血淋淋的教訓，大家都看看吧！,http://mission-tw.com/mission/article/life/1110,1,密訊,4081,芒果新聞台
2263949,明星藝人借車出大事了，一夜欠債三千萬！血淋淋的教訓，大家都看看吧！,http://mission-tw.com/mission/article/life/1110,1,密訊,12517,人生正能量
2263949,明星藝人借車出大事了，一夜欠債三千萬！血淋淋的教訓，大家都看看吧！,http://mission-tw.com/mission/article/life/1110,1,密訊,4654,讚能量生活報
2263949,明星藝人借車出大事了，一夜欠債三千萬！血淋淋的教訓，大家都看看吧！,http://mission-tw.com/mission/article/life/1110,1,密訊,12665,旅行‧電影‧愛音樂
2263949,明星藝人借車出大事了，一夜欠債三千萬！血淋淋的教訓，大家都看看吧！,http://mission-tw.com/mission/article/life/1110,1,密訊,11319,人生笑著走
2263949,明星藝人借車出大事了，一夜欠債三千萬！血淋淋的教訓，大家都看看吧！,http://mission-tw.com/mission/article/life/1110,1,密訊,4999,走，一起去看世界！
2259796,爆韓國瑜婚外情挨告　吳子嘉轟「這行為」：很低級,http://mission-tw.com/mission/article/news/21212,1,密訊,196,青天白日正義力量
2280098,背叛高雄市民 徐永明批：韓國瑜把選舉當生意 是台灣政壇之恥 | HSSSZN 讚新聞,https://hssszn.com/archives/63915,4,讚新聞,8493,Hssszn 讚新聞
2273859,不投民進黨會被統一？韓粉反問朋友一題,http://mission-tw.com/mission/article/news/21377,1,密訊,9406,大中華大平台
2273859,不投民進黨會被統一？韓粉反問朋友一題,http://mission-tw.com/mission/article/news/21377,1,密訊,176,反蔡英文聯盟－全國民怨嗆蔡總部
2273859,不投民進黨會被統一？韓粉反問朋友一題,http://mission-tw.com/mission/article/news/21377,1,密訊,196,青天白日正義力量
2264438,畢業找不到工作，中國女留學生向英國大學索賠50多萬，現在成功了,http://www.qiqi.world/show/198568,6,琦琦看新聞,10900,琦琦看新聞
2266058,(影)看完把我笑死了》李喬如要求清場單挑韓國瑜。完整版！句句要害。李喬如中箭落馬秀下限，宛如潑婦罵街。,https://nooho.net/2019/06/DPPfraud21936/,9,怒吼,10897,蔡英文下台罪狀集結總部
2273153,野生馬英九在新加坡豁出去了 網友好樂！,http://mission-tw.com/mission/article/news/21321,1,密訊,176,反蔡英文聯盟－全國民怨嗆蔡總部
2273153,野生馬英九在新加坡豁出去了 網友好樂！,http://mission-tw.com/mission/article/news/21321,1,密訊,196,青天白日正義力量
2273136,睡前【拉足背】，疏通肝、膽、脾、胃4條經絡，每天兩分鐘，比按摩還有效！,http://mission-tw.com/mission/article/life/1161,1,密訊,4081,芒果新聞台
2273136,睡前【拉足背】，疏通肝、膽、脾、胃4條經絡，每天兩分鐘，比按摩還有效！,http://mission-tw.com/mission/article/life/1161,1,密訊,4654,讚能量生活報
2273136,睡前【拉足背】，疏通肝、膽、脾、胃4條經絡，每天兩分鐘，比按摩還有效！,http://mission-tw.com/mission/article/life/1161,1,密訊,12665,旅行‧電影‧愛音樂
2273136,睡前【拉足背】，疏通肝、膽、脾、胃4條經絡，每天兩分鐘，比按摩還有效！,http://mission-tw.com/mission/article/life/1161,1,密訊,11319,人生笑著走
2273136,睡前【拉足背】，疏通肝、膽、脾、胃4條經絡，每天兩分鐘，比按摩還有效！,http://mission-tw.com/mission/article/life/1161,1,密訊,4999,走，一起去看世界！
2266026,9旬嬤心疼韓國瑜「被欺負」爆哭　李佳芬抱病探望,http://mission-tw.com/mission/article/news/21302,1,密訊,176,反蔡英文聯盟－全國民怨嗆蔡總部
2266026,9旬嬤心疼韓國瑜「被欺負」爆哭　李佳芬抱病探望,http://mission-tw.com/mission/article/news/21302,1,密訊,196,青天白日正義力量
2266026,9旬嬤心疼韓國瑜「被欺負」爆哭　李佳芬抱病探望,http://mission-tw.com/mission/article/news/21302,1,密訊,9570,反綠救國人人有責
1845622,養腎秘方！我連續喝了三個多星期，不僅白頭髮不見了、皮膚還變得有光澤了,http://www.fafa01.com/post919327,2,看頭條,4727,爱烘培，爱料理，爱健康
2263291,【誰在包庇屏東違法養雞場】  黃國昌 : 農委會轟擺爛不處理,http://mission-tw.com/mission/article/news/21272,1,密訊,5114,反民進黨粉絲團
2263291,【誰在包庇屏東違法養雞場】  黃國昌 : 農委會轟擺爛不處理,http://mission-tw.com/mission/article/news/21272,1,密訊,4121,民間大小事
2279781,拿不到綠卡就想回國？中國不是避難所，中方海關果斷拒絕！,http://www.i77.today/show/187777,5,琦琦看新聞,12848,全球華人聯盟總主頁
2279781,拿不到綠卡就想回國？中國不是避難所，中方海關果斷拒絕！,http://www.i77.today/show/187777,5,琦琦看新聞,4392,天南地北
2279781,拿不到綠卡就想回國？中國不是避難所，中方海關果斷拒絕！,http://www.i77.today/show/187777,5,琦琦看新聞,10900,琦琦看新聞
2279781,拿不到綠卡就想回國？中國不是避難所，中方海關果斷拒絕！,http://www.i77.today/show/187777,5,琦琦看新聞,4393,全球華人盛世聯盟
2275117,華為飽受禁令之苦，庫克一句話暗諷美方，順便誇了中國,http://www.cnba.live/show/187636,8,琦琦看新聞,4393,全球華人盛世聯盟
2275117,華為飽受禁令之苦，庫克一句話暗諷美方，順便誇了中國,http://www.cnba.live/show/187636,8,琦琦看新聞,11548,全球華人資訊聯盟
2275117,華為飽受禁令之苦，庫克一句話暗諷美方，順便誇了中國,http://www.cnba.live/show/187636,8,琦琦看新聞,4392,天南地北
2275117,華為飽受禁令之苦，庫克一句話暗諷美方，順便誇了中國,http://www.cnba.live/show/187636,8,琦琦看新聞,12848,全球華人聯盟總主頁
2271306,「打破」美國技術壟斷！馬雲親自牽頭，阿里宣布研發「中國芯」,http://www.qiqi.world/show/198807,6,琦琦看新聞,4392,天南地北
2271306,「打破」美國技術壟斷！馬雲親自牽頭，阿里宣布研發「中國芯」,http://www.qiqi.world/show/198807,6,琦琦看新聞,4393,全球華人盛世聯盟
2271306,「打破」美國技術壟斷！馬雲親自牽頭，阿里宣布研發「中國芯」,http://www.qiqi.world/show/198807,6,琦琦看新聞,10900,琦琦看新聞
2274235,老婆是這三大星座的，天生就是富貴命，生的孩子也都非常有出息！,http://www.fafa01.com/post945008,2,看頭條,9640,【ღ 摩羯座 ღ】
2266639,鏟屎官意外拍到貓背後可怕一幕，更可怕的是3年前也曾拍到過！,http://www.fafa01.com/post960588,2,看頭條,1280,貓貓最可愛我超愛！
2266639,鏟屎官意外拍到貓背後可怕一幕，更可怕的是3年前也曾拍到過！,http://www.fafa01.com/post960588,2,看頭條,4375,萌寵小天使
2274035,面對高齡化 這國家實施養老托兒混齡照護 成效佳！ | HSSSZN 讚新聞,https://hssszn.com/archives/63865,4,讚新聞,8493,Hssszn 讚新聞
2274035,面對高齡化 這國家實施養老托兒混齡照護 成效佳！ | HSSSZN 讚新聞,https://hssszn.com/archives/63865,4,讚新聞,8494,祝福天天圍繞你
2280381,8人同學聚會，7個是老總，飯後沒人結帳，裝修工的話讓服務員愣住了,http://mission-tw.com/mission/article/life/1196,1,密訊,4999,走，一起去看世界！
2280381,8人同學聚會，7個是老總，飯後沒人結帳，裝修工的話讓服務員愣住了,http://mission-tw.com/mission/article/life/1196,1,密訊,11319,人生笑著走
2280381,8人同學聚會，7個是老總，飯後沒人結帳，裝修工的話讓服務員愣住了,http://mission-tw.com/mission/article/life/1196,1,密訊,4654,讚能量生活報
2280381,8人同學聚會，7個是老總，飯後沒人結帳，裝修工的話讓服務員愣住了,http://mission-tw.com/mission/article/life/1196,1,密訊,12517,人生正能量
2280747,社論》撞死孝子逃英　英國法院不予引渡林克穎,http://mission-tw.com/mission/article/news/21470,1,密訊,4121,民間大小事
2280747,社論》撞死孝子逃英　英國法院不予引渡林克穎,http://mission-tw.com/mission/article/news/21470,1,密訊,5114,反民進黨粉絲團
2275122,華為正式擊敗高通！當選全球5G標準會主席，被全世界認可！,http://www.qiqi.world/show/198248,6,琦琦看新聞,12848,全球華人聯盟總主頁
2278030,查出王小姐前夫！黃光芹再扔未爆彈：還找到1張照片,http://mission-tw.com/mission/article/news/21414,1,密訊,9570,反綠救國人人有責
2266619,國民黨5人小組徵詢參選意願 韓：Yes  I do.,https://www.taiwan-politicalnews.com/%e5%9c%8b%e6%b0%91%e9%bb%a85%e4%ba%ba%e5%b0%8f%e7%b5%84%e5%be%b5%e8%a9%a2%e5%8f%83%e9%81%b8%e6%84%8f%e9%a1%98-%e9%9f%93%ef%bc%9ayes-i-do/,7,鬼島狂新聞,9426,鬼島亂爆
2266619,國民黨5人小組徵詢參選意願 韓：Yes  I do.,https://www.taiwan-politicalnews.com/%e5%9c%8b%e6%b0%91%e9%bb%a85%e4%ba%ba%e5%b0%8f%e7%b5%84%e5%be%b5%e8%a9%a2%e5%8f%83%e9%81%b8%e6%84%8f%e9%a1%98-%e9%9f%93%ef%bc%9ayes-i-do/,7,鬼島狂新聞,9368,鬼島狂新聞
2266619,國民黨5人小組徵詢參選意願 韓：Yes  I do.,https://www.taiwan-politicalnews.com/%e5%9c%8b%e6%b0%91%e9%bb%a85%e4%ba%ba%e5%b0%8f%e7%b5%84%e5%be%b5%e8%a9%a2%e5%8f%83%e9%81%b8%e6%84%8f%e9%a1%98-%e9%9f%93%ef%bc%9ayes-i-do/,7,鬼島狂新聞,141,守護台灣聯盟
2270928,華為自主作業系統「鴻蒙」發布後，現有的華為手機能切換新系統嗎,http://www.i77.today/show/187595,5,琦琦看新聞,11548,全球華人資訊聯盟
2273812,高雄登革熱 韓遭綠狠酸  菊時期管媽曾說：沒得登革熱高雄血統不純,http://mission-tw.com/mission/article/news/21396,1,密訊,9777,靠北時事
2273812,高雄登革熱 韓遭綠狠酸  菊時期管媽曾說：沒得登革熱高雄血統不純,http://mission-tw.com/mission/article/news/21396,1,密訊,196,青天白日正義力量
2273812,高雄登革熱 韓遭綠狠酸  菊時期管媽曾說：沒得登革熱高雄血統不純,http://mission-tw.com/mission/article/news/21396,1,密訊,176,反蔡英文聯盟－全國民怨嗆蔡總部
2271858,王金平宣布不參加國民黨總統提名初選,http://mission-tw.com/mission/article/news/21361,1,密訊,9570,反綠救國人人有責
2264440,轟動全球華人圈的一首詩，中國人看後沸騰，西方看後沉默！,http://www.qiqi.world/show/198536,6,琦琦看新聞,10900,琦琦看新聞
2273611,男子上山救下受傷大蛇，數日後回家看到院中慘像，邊哭邊用頭撞牆,http://mission-tw.com/mission/article/life/1162,1,密訊,4999,走，一起去看世界！
2273611,男子上山救下受傷大蛇，數日後回家看到院中慘像，邊哭邊用頭撞牆,http://mission-tw.com/mission/article/life/1162,1,密訊,4654,讚能量生活報
2273611,男子上山救下受傷大蛇，數日後回家看到院中慘像，邊哭邊用頭撞牆,http://mission-tw.com/mission/article/life/1162,1,密訊,11319,人生笑著走
2273611,男子上山救下受傷大蛇，數日後回家看到院中慘像，邊哭邊用頭撞牆,http://mission-tw.com/mission/article/life/1162,1,密訊,4081,芒果新聞台
2273611,男子上山救下受傷大蛇，數日後回家看到院中慘像，邊哭邊用頭撞牆,http://mission-tw.com/mission/article/life/1162,1,密訊,12665,旅行‧電影‧愛音樂
2273611,男子上山救下受傷大蛇，數日後回家看到院中慘像，邊哭邊用頭撞牆,http://mission-tw.com/mission/article/life/1162,1,密訊,12517,人生正能量
2279455,韓國瑜6／15雲林造勢？林佳新想擺攤賣啤酒,http://mission-tw.com/mission/article/news/21341,1,密訊,176,反蔡英文聯盟－全國民怨嗆蔡總部
2279457,韓國瑜15日到斗六市　「雲林女婿回娘家」為初選造勢,http://mission-tw.com/mission/article/news/21380,1,密訊,196,青天白日正義力量
2279457,韓國瑜15日到斗六市　「雲林女婿回娘家」為初選造勢,http://mission-tw.com/mission/article/news/21380,1,密訊,176,反蔡英文聯盟－全國民怨嗆蔡總部
2276639,不捨高雄路平被酸 韓粉：6／8日為正義而戰,http://mission-tw.com/mission/article/news/21370,1,密訊,196,青天白日正義力量
2276639,不捨高雄路平被酸 韓粉：6／8日為正義而戰,http://mission-tw.com/mission/article/news/21370,1,密訊,176,反蔡英文聯盟－全國民怨嗆蔡總部
2267204,「短髮」「燙髮」還是「直髮」顯年輕?13款40歲女人「清爽凍齡」髮型顯年輕！,http://mission-tw.com/mission/article/life/1092,1,密訊,12517,人生正能量
2267204,「短髮」「燙髮」還是「直髮」顯年輕?13款40歲女人「清爽凍齡」髮型顯年輕！,http://mission-tw.com/mission/article/life/1092,1,密訊,12665,旅行‧電影‧愛音樂
2267204,「短髮」「燙髮」還是「直髮」顯年輕?13款40歲女人「清爽凍齡」髮型顯年輕！,http://mission-tw.com/mission/article/life/1092,1,密訊,11319,人生笑著走
2267204,「短髮」「燙髮」還是「直髮」顯年輕?13款40歲女人「清爽凍齡」髮型顯年輕！,http://mission-tw.com/mission/article/life/1092,1,密訊,4654,讚能量生活報
2267204,「短髮」「燙髮」還是「直髮」顯年輕?13款40歲女人「清爽凍齡」髮型顯年輕！,http://mission-tw.com/mission/article/life/1092,1,密訊,4999,走，一起去看世界！
2267204,「短髮」「燙髮」還是「直髮」顯年輕?13款40歲女人「清爽凍齡」髮型顯年輕！,http://mission-tw.com/mission/article/life/1092,1,密訊,4081,芒果新聞台
2270237,手不抖了？ 陳水扁「加場」6/6高雄簽書會 | HSSSZN 讚新聞,https://hssszn.com/archives/63834,4,讚新聞,8493,Hssszn 讚新聞
2262165,這個爸爸10年沒開空調，遠離電視，孩子變成了意想不到的樣子,http://mission-tw.com/mission/article/life/1059,1,密訊,12517,人生正能量
2262165,這個爸爸10年沒開空調，遠離電視，孩子變成了意想不到的樣子,http://mission-tw.com/mission/article/life/1059,1,密訊,4081,芒果新聞台
2232877,15位法官判有罪，民進黨議員收賄220萬，逆轉改判無罪定讞 | HSSSZN 讚新聞,https://hssszn.com/archives/36925,4,讚新聞,2916,同性戀光盟
801627,摸一下貓咪，貓咪竟然要坐牢貓無奈：我不想坐牢，麻煩不要摸我,http://www.fafa01.com/post814034,2,看頭條,1280,貓貓最可愛我超愛！
801627,摸一下貓咪，貓咪竟然要坐牢貓無奈：我不想坐牢，麻煩不要摸我,http://www.fafa01.com/post814034,2,看頭條,4375,萌寵小天使
2269097,連夜拚「路平」 網讚：韓市府鐵人部隊又來了,http://mission-tw.com/mission/article/news/21319,1,密訊,9406,大中華大平台
2269097,連夜拚「路平」 網讚：韓市府鐵人部隊又來了,http://mission-tw.com/mission/article/news/21319,1,密訊,196,青天白日正義力量
2269097,連夜拚「路平」 網讚：韓市府鐵人部隊又來了,http://mission-tw.com/mission/article/news/21319,1,密訊,176,反蔡英文聯盟－全國民怨嗆蔡總部
2267710,他分析民進黨為何用李進勇當中選會主委 網友：難怪今年沒有國運籤 | HSSSZN 讚新聞,https://hssszn.com/archives/63807,4,讚新聞,8493,Hssszn 讚新聞
2264439,中國兩天連發三條預警後，美國有人「坐不住」了,http://www.qiqi.world/show/198566,6,琦琦看新聞,10900,琦琦看新聞
2283489,俄羅斯的火星男孩現在怎麼樣了？答案令人起了一身雞皮疙瘩,http://www.qiqi.world/show/199128,6,琦琦看新聞,10900,琦琦看新聞
2267705,腦控成真？大腦裝開關控制毒癮 中國人體實驗惹議 | HSSSZN 讚新聞,https://hssszn.com/archives/63821,4,讚新聞,8493,Hssszn 讚新聞
2267705,腦控成真？大腦裝開關控制毒癮 中國人體實驗惹議 | HSSSZN 讚新聞,https://hssszn.com/archives/63821,4,讚新聞,8494,祝福天天圍繞你
2280099,「石虎拜託大家了」 五月天怪獸轉發連署半小時突破21萬人 | HSSSZN 讚新聞,https://hssszn.com/archives/63906,4,讚新聞,8493,Hssszn 讚新聞
2263950,9歲女孩吃自助餐，竟將食物裝進書包，老闆跟蹤後偷偷塞給她20萬,http://mission-tw.com/mission/article/life/1109,1,密訊,4654,讚能量生活報
2263950,9歲女孩吃自助餐，竟將食物裝進書包，老闆跟蹤後偷偷塞給她20萬,http://mission-tw.com/mission/article/life/1109,1,密訊,12665,旅行‧電影‧愛音樂
2263950,9歲女孩吃自助餐，竟將食物裝進書包，老闆跟蹤後偷偷塞給她20萬,http://mission-tw.com/mission/article/life/1109,1,密訊,4999,走，一起去看世界！
2263950,9歲女孩吃自助餐，竟將食物裝進書包，老闆跟蹤後偷偷塞給她20萬,http://mission-tw.com/mission/article/life/1109,1,密訊,4081,芒果新聞台
2263950,9歲女孩吃自助餐，竟將食物裝進書包，老闆跟蹤後偷偷塞給她20萬,http://mission-tw.com/mission/article/life/1109,1,密訊,11319,人生笑著走
